transaction_id,variant_id,qty,unit_price,created_at,updated_at
1,17,1,62000,2025-12-21 08:01:47,NULL
2,12,1,73000,2025-12-03 16:27:02,NULL
3,19,1,50000,2025-12-21 18:34:26,NULL
4,8,2,33000,2025-12-23 13:21:17,NULL
4,2,1,58000,2025-12-23 13:21:17,NULL
5,19,1,50000,2025-12-24 14:34:07,NULL
6,7,1,71000,2025-12-19 10:45:04,NULL
7,9,1,62000,2025-12-04 13:17:29,NULL
8,6,1,65000,2025-12-22 17:04:38,NULL
9,18,1,71000,2025-12-30 17:44:35,NULL
10,13,1,65000,2025-12-26 12:25:17,NULL
10,17,2,62000,2025-12-26 12:25:17,NULL
10,5,1,49000,2025-12-26 12:25:17,NULL
11,10,1,71000,2025-12-05 10:47:35,NULL
11,14,3,71000,2025-12-05 10:47:35,NULL
12,18,1,71000,2025-12-16 08:48:03,NULL
12,10,1,71000,2025-12-16 08:48:03,NULL
13,16,1,58000,2025-12-17 11:35:55,NULL
13,13,1,65000,2025-12-17 11:35:55,NULL
14,18,1,71000,2025-12-06 14:00:46,NULL
14,12,2,73000,2025-12-06 14:00:46,NULL
14,3,1,53000,2025-12-06 14:00:46,NULL
15,14,1,71000,2025-12-12 19:10:34,NULL
15,12,3,73000,2025-12-12 19:10:34,NULL
15,3,2,53000,2025-12-12 19:10:34,NULL
16,2,2,58000,2025-12-08 21:36:05,NULL
17,14,3,71000,2025-12-05 17:30:35,NULL
18,16,1,58000,2025-12-25 18:44:12,NULL
19,13,1,65000,2025-12-15 08:15:14,NULL
20,6,1,65000,2025-12-21 07:14:04,NULL
21,18,2,71000,2025-12-05 18:59:56,NULL
22,17,1,62000,2025-12-04 17:27:22,NULL
23,4,1,58000,2025-12-04 07:25:46,NULL
24,20,1,55000,2025-12-09 14:15:55,NULL
24,2,1,58000,2025-12-09 14:15:55,NULL
25,5,1,49000,2025-12-30 19:54:15,NULL
26,22,3,58000,2025-12-01 13:16:59,NULL
27,14,1,71000,2025-12-23 14:09:12,NULL
27,13,1,65000,2025-12-23 14:09:12,NULL
27,17,1,62000,2025-12-23 14:09:12,NULL
28,16,1,58000,2025-12-06 07:32:05,NULL
29,14,1,71000,2025-12-08 16:38:02,NULL
30,16,1,58000,2025-12-07 17:45:20,NULL
31,24,1,85000,2025-12-25 21:04:00,NULL
31,2,2,58000,2025-12-25 21:04:00,NULL
31,5,2,49000,2025-12-25 21:04:00,NULL
32,24,2,85000,2025-12-12 11:10:28,NULL
33,3,1,53000,2025-12-22 20:35:19,NULL
34,6,2,65000,2025-12-20 10:45:21,NULL
34,12,2,73000,2025-12-20 10:45:21,NULL
35,6,1,65000,2025-12-27 11:02:00,NULL
35,17,1,62000,2025-12-27 11:02:00,NULL
36,9,1,62000,2025-12-31 21:44:57,NULL
37,6,1,65000,2025-12-02 11:23:57,NULL
38,6,1,65000,2025-12-29 20:26:39,NULL
38,4,1,58000,2025-12-29 20:26:39,NULL
38,19,1,50000,2025-12-29 20:26:39,NULL
39,6,1,65000,2025-12-26 21:26:51,NULL
39,18,2,71000,2025-12-26 21:26:51,NULL
40,19,1,50000,2025-12-08 10:52:58,NULL
41,12,1,73000,2025-12-13 12:17:55,NULL
42,24,1,85000,2025-12-11 07:07:56,NULL
43,3,1,53000,2025-12-12 18:50:20,NULL
43,21,1,52000,2025-12-12 18:50:20,NULL
43,4,1,58000,2025-12-12 18:50:20,NULL
44,2,1,58000,2025-12-22 18:47:47,NULL
45,16,1,58000,2025-12-11 17:54:07,NULL
46,21,1,52000,2025-12-18 09:12:26,NULL
46,14,1,71000,2025-12-18 09:12:26,NULL
47,10,1,71000,2025-12-07 13:50:37,NULL
48,12,1,73000,2025-12-26 21:50:47,NULL
49,3,3,53000,2025-12-27 19:15:43,NULL
49,1,1,53000,2025-12-27 19:15:43,NULL
50,9,1,62000,2025-12-15 13:56:40,NULL
50,10,1,71000,2025-12-15 13:56:40,NULL
51,19,1,50000,2025-12-28 19:56:06,NULL
52,11,1,70000,2025-12-18 10:58:54,NULL
53,10,1,71000,2025-12-11 19:57:28,NULL
53,21,1,52000,2025-12-11 19:57:28,NULL
54,12,1,73000,2025-12-15 11:48:15,NULL
54,15,1,53000,2025-12-15 11:48:15,NULL
55,6,1,65000,2025-12-09 12:20:57,NULL
56,5,1,49000,2025-12-03 13:26:21,NULL
57,1,1,53000,2025-12-19 18:01:54,NULL
58,19,1,50000,2025-12-28 21:53:26,NULL
58,21,1,52000,2025-12-28 21:53:26,NULL
59,11,1,70000,2025-12-13 12:42:43,NULL
60,15,1,53000,2025-12-01 21:25:37,NULL
61,18,1,71000,2025-12-02 11:24:20,NULL
62,13,3,65000,2025-12-27 13:16:53,NULL
63,5,1,49000,2025-12-21 08:49:41,NULL
63,1,1,53000,2025-12-21 08:49:41,NULL
63,3,1,53000,2025-12-21 08:49:41,NULL
64,17,2,62000,2025-12-23 11:49:23,NULL
64,3,3,53000,2025-12-23 11:49:23,NULL
65,5,1,49000,2025-12-30 11:36:43,NULL
65,14,1,71000,2025-12-30 11:36:43,NULL
65,19,1,50000,2025-12-30 11:36:43,NULL
66,15,1,53000,2025-12-26 08:50:36,NULL
67,9,2,62000,2025-12-01 20:26:52,NULL
68,19,1,50000,2025-12-05 13:11:46,NULL
69,19,2,50000,2025-12-14 20:46:37,NULL
69,2,1,58000,2025-12-14 20:46:37,NULL
70,4,2,58000,2025-12-20 17:24:21,NULL
70,5,1,49000,2025-12-20 17:24:21,NULL
71,2,2,58000,2025-12-23 21:17:35,NULL
71,17,1,62000,2025-12-23 21:17:35,NULL
71,12,1,73000,2025-12-23 21:17:35,NULL
72,7,1,71000,2025-12-26 07:05:18,NULL
72,14,1,71000,2025-12-26 07:05:18,NULL
73,6,1,65000,2025-12-24 15:21:22,NULL
74,17,1,62000,2025-12-04 18:34:48,NULL
75,9,1,62000,2025-12-25 15:38:18,NULL
76,3,1,53000,2025-12-05 11:02:03,NULL
76,20,2,55000,2025-12-05 11:02:03,NULL
77,20,1,55000,2025-12-16 14:28:21,NULL
78,13,1,65000,2025-12-03 16:40:43,NULL
79,5,1,49000,2025-12-04 15:48:26,NULL
79,12,1,73000,2025-12-04 15:48:26,NULL
80,2,1,58000,2025-12-14 11:36:39,NULL
80,18,1,71000,2025-12-14 11:36:39,NULL
80,15,1,53000,2025-12-14 11:36:39,NULL
81,1,1,53000,2025-12-06 07:26:28,NULL
82,15,2,53000,2025-12-28 14:04:43,NULL
83,4,1,58000,2025-12-18 10:41:09,NULL
84,16,1,58000,2025-12-19 21:18:28,NULL
84,22,1,58000,2025-12-19 21:18:28,NULL
85,6,1,65000,2025-12-29 13:47:20,NULL
86,18,1,71000,2025-12-19 07:48:43,NULL
87,23,1,87000,2025-12-30 11:11:37,NULL
87,11,1,70000,2025-12-30 11:11:37,NULL
88,19,1,50000,2025-12-11 13:44:31,NULL
88,13,1,65000,2025-12-11 13:44:31,NULL
88,11,3,70000,2025-12-11 13:44:31,NULL
89,4,1,58000,2025-12-17 20:00:42,NULL
90,22,1,58000,2025-12-21 14:48:03,NULL
91,13,1,65000,2025-12-04 07:40:38,NULL
92,7,1,71000,2025-12-15 08:41:53,NULL
92,17,1,62000,2025-12-15 08:41:53,NULL
92,10,1,71000,2025-12-15 08:41:53,NULL
93,6,1,65000,2025-12-07 21:38:32,NULL
93,18,2,71000,2025-12-07 21:38:32,NULL
94,15,2,53000,2025-12-27 07:18:46,NULL
95,22,2,58000,2025-12-16 12:21:35,NULL
96,17,2,62000,2025-12-08 16:24:14,NULL
97,1,1,53000,2025-12-13 17:50:52,NULL
98,11,2,70000,2025-12-28 08:55:54,NULL
99,10,1,71000,2025-12-21 09:04:30,NULL
99,2,1,58000,2025-12-21 09:04:30,NULL
100,1,1,53000,2025-12-31 12:40:45,NULL
100,2,2,58000,2025-12-31 12:40:45,NULL
101,2,1,58000,2025-12-24 08:27:06,NULL
101,4,1,58000,2025-12-24 08:27:06,NULL
102,10,1,71000,2025-12-02 11:22:23,NULL
103,12,1,73000,2025-12-06 08:39:55,NULL
103,14,1,71000,2025-12-06 08:39:55,NULL
104,4,1,58000,2025-12-22 07:57:51,NULL
104,10,1,71000,2025-12-22 07:57:51,NULL
105,20,1,55000,2025-12-14 18:16:29,NULL
105,3,1,53000,2025-12-14 18:16:29,NULL
105,9,1,62000,2025-12-14 18:16:29,NULL
106,21,2,52000,2025-12-13 11:00:36,NULL
106,17,2,62000,2025-12-13 11:00:36,NULL
106,19,1,50000,2025-12-13 11:00:36,NULL
107,18,1,71000,2025-12-08 17:12:39,NULL
107,16,1,58000,2025-12-08 17:12:39,NULL
108,3,2,53000,2025-12-02 11:50:28,NULL
109,21,2,52000,2025-12-14 09:12:08,NULL
110,11,2,70000,2025-12-27 14:51:18,NULL
110,2,1,58000,2025-12-27 14:51:18,NULL
111,10,1,71000,2025-12-22 13:54:51,NULL
112,15,1,53000,2025-12-12 17:47:43,NULL
113,5,2,49000,2025-12-16 07:39:56,NULL
113,2,1,58000,2025-12-16 07:39:56,NULL
113,19,1,50000,2025-12-16 07:39:56,NULL
114,13,1,65000,2025-12-31 07:19:31,NULL
115,4,1,58000,2025-12-31 18:44:34,NULL
115,10,1,71000,2025-12-31 18:44:34,NULL
116,22,2,58000,2025-12-31 11:02:44,NULL
117,4,1,58000,2025-12-12 15:57:41,NULL
118,1,2,53000,2025-12-15 08:42:13,NULL
119,5,2,49000,2025-12-05 19:36:13,NULL
120,3,1,53000,2025-12-05 19:57:38,NULL
121,6,1,65000,2025-12-22 20:01:08,NULL
121,8,1,33000,2025-12-22 20:01:08,NULL
122,12,1,73000,2025-12-17 08:47:04,NULL
122,3,2,53000,2025-12-17 08:47:04,NULL
123,20,2,55000,2025-12-17 11:29:41,NULL
123,10,1,71000,2025-12-17 11:29:41,NULL
123,3,2,53000,2025-12-17 11:29:41,NULL
124,17,1,62000,2025-12-05 08:08:17,NULL
125,3,2,53000,2025-12-10 14:32:38,NULL
125,15,1,53000,2025-12-10 14:32:38,NULL
126,10,1,71000,2025-12-14 14:56:14,NULL
126,17,1,62000,2025-12-14 14:56:14,NULL
127,2,1,58000,2025-12-31 09:43:59,NULL
128,13,2,65000,2025-12-12 19:08:35,NULL
128,16,2,58000,2025-12-12 19:08:35,NULL
128,10,1,71000,2025-12-12 19:08:35,NULL
129,5,1,49000,2025-12-02 11:38:19,NULL
130,13,2,65000,2025-12-04 12:54:35,NULL
130,19,3,50000,2025-12-04 12:54:35,NULL
131,19,2,50000,2025-12-20 17:41:35,NULL
131,6,1,65000,2025-12-20 17:41:35,NULL
131,4,1,58000,2025-12-20 17:41:35,NULL
132,1,1,53000,2025-12-19 17:25:04,NULL
132,17,1,62000,2025-12-19 17:25:04,NULL
133,21,1,52000,2025-12-12 11:46:20,NULL
134,14,1,71000,2025-12-02 17:05:17,NULL
135,14,1,71000,2025-12-17 08:22:27,NULL
135,12,1,73000,2025-12-17 08:22:27,NULL
136,7,1,71000,2025-12-02 07:13:19,NULL
136,3,1,53000,2025-12-02 07:13:19,NULL
137,2,1,58000,2025-12-18 18:14:32,NULL
137,20,1,55000,2025-12-18 18:14:32,NULL
138,10,1,71000,2025-12-28 12:36:27,NULL
138,3,1,53000,2025-12-28 12:36:27,NULL
139,3,1,53000,2025-12-20 14:53:44,NULL
140,18,1,71000,2025-12-03 13:55:19,NULL
141,22,1,58000,2025-12-17 15:12:57,NULL
142,18,1,71000,2025-12-04 09:16:12,NULL
143,22,1,58000,2025-12-21 14:29:48,NULL
144,11,1,70000,2025-12-20 12:55:40,NULL
145,1,1,53000,2025-12-19 07:22:32,NULL
146,11,1,70000,2025-12-21 20:54:05,NULL
147,14,1,71000,2025-12-29 07:28:58,NULL
148,15,1,53000,2025-12-15 08:51:57,NULL
149,7,1,71000,2025-12-15 15:33:39,NULL
150,2,1,58000,2025-12-20 07:50:40,NULL
151,14,1,71000,2025-12-24 20:42:58,NULL
152,22,1,58000,2025-12-31 17:44:42,NULL
153,17,1,62000,2025-12-26 12:52:08,NULL
153,16,1,58000,2025-12-26 12:52:08,NULL
154,18,1,71000,2025-12-12 07:23:19,NULL
155,19,1,50000,2025-12-05 08:18:54,NULL
155,21,1,52000,2025-12-05 08:18:54,NULL
156,18,1,71000,2025-12-05 16:24:09,NULL
156,19,1,50000,2025-12-05 16:24:09,NULL
157,18,1,71000,2025-12-22 18:15:28,NULL
157,6,3,65000,2025-12-22 18:15:28,NULL
158,11,1,70000,2025-12-29 20:12:23,NULL
158,7,3,71000,2025-12-29 20:12:23,NULL
158,9,2,62000,2025-12-29 20:12:23,NULL
159,13,2,65000,2025-12-05 20:16:03,NULL
159,2,2,58000,2025-12-05 20:16:03,NULL
160,2,2,58000,2025-12-25 09:17:28,NULL
160,21,2,52000,2025-12-25 09:17:28,NULL
161,2,1,58000,2025-12-14 07:25:32,NULL
162,7,2,71000,2025-12-04 20:45:41,NULL
163,2,1,58000,2025-12-05 19:45:30,NULL
164,6,1,65000,2025-12-18 18:38:33,NULL
164,3,1,53000,2025-12-18 18:38:33,NULL
165,15,1,53000,2025-12-03 08:53:57,NULL
166,4,1,58000,2025-12-10 13:00:39,NULL
167,9,1,62000,2025-12-12 08:33:34,NULL
168,17,1,62000,2026-01-12 11:47:01,NULL
169,19,1,50000,2026-01-24 19:21:08,NULL
170,18,1,71000,2026-01-15 18:30:40,NULL
171,12,1,73000,2026-01-02 19:12:56,NULL
171,24,2,85000,2026-01-02 19:12:56,NULL
171,13,1,65000,2026-01-02 19:12:56,NULL
172,9,2,62000,2026-01-25 07:55:41,NULL
173,22,1,58000,2026-01-29 13:21:11,NULL
174,8,1,33000,2026-01-24 13:05:27,NULL
175,9,2,62000,2026-01-10 14:38:45,NULL
175,1,1,53000,2026-01-10 14:38:45,NULL
176,9,1,62000,2026-01-09 17:50:03,NULL
176,19,3,50000,2026-01-09 17:50:03,NULL
177,18,1,71000,2026-01-20 17:50:28,NULL
178,9,1,62000,2026-01-19 07:38:09,NULL
178,18,1,71000,2026-01-19 07:38:09,NULL
178,13,1,65000,2026-01-19 07:38:09,NULL
179,13,1,65000,2026-01-04 07:47:11,NULL
180,3,1,53000,2026-01-15 10:39:18,NULL
181,17,1,62000,2026-01-23 14:05:51,NULL
181,13,1,65000,2026-01-23 14:05:51,NULL
182,3,1,53000,2026-01-23 21:44:40,NULL
183,19,1,50000,2026-01-26 14:01:23,NULL
184,10,1,71000,2026-01-03 08:19:25,NULL
185,8,2,33000,2026-01-05 12:41:04,NULL
185,20,1,55000,2026-01-05 12:41:04,NULL
186,7,1,71000,2026-01-31 09:27:32,NULL
187,15,1,53000,2026-01-08 12:33:57,NULL
188,22,1,58000,2026-01-10 16:34:05,NULL
189,1,1,53000,2026-01-24 21:38:21,NULL
190,12,1,73000,2026-01-21 10:49:36,NULL
190,15,3,53000,2026-01-21 10:49:36,NULL
191,2,1,58000,2026-01-26 19:43:25,NULL
192,24,1,85000,2026-01-07 12:38:09,NULL
193,3,1,53000,2026-01-25 12:32:35,NULL
194,20,1,55000,2026-01-02 11:24:55,NULL
195,12,1,73000,2026-01-19 18:20:12,NULL
196,9,1,62000,2026-01-01 08:25:32,NULL
197,20,1,55000,2026-01-29 20:41:43,NULL
198,13,1,65000,2026-01-24 12:48:25,NULL
199,24,1,85000,2026-01-03 13:32:28,NULL
200,5,1,49000,2026-01-13 12:50:21,NULL
200,12,1,73000,2026-01-13 12:50:21,NULL
201,12,1,73000,2026-01-11 19:30:33,NULL
201,8,1,33000,2026-01-11 19:30:33,NULL
202,13,1,65000,2026-01-24 20:19:37,NULL
202,17,2,62000,2026-01-24 20:19:37,NULL
203,15,1,53000,2026-01-22 08:26:37,NULL
203,14,1,71000,2026-01-22 08:26:37,NULL
204,12,2,73000,2026-01-19 16:14:46,NULL
205,16,1,58000,2026-01-13 09:52:43,NULL
206,14,1,71000,2026-01-14 09:26:44,NULL
207,24,1,85000,2026-01-24 07:45:08,NULL
208,16,2,58000,2026-01-31 09:29:58,NULL
209,6,3,65000,2026-01-26 18:16:39,NULL
209,7,2,71000,2026-01-26 18:16:39,NULL
209,22,2,58000,2026-01-26 18:16:39,NULL
210,3,1,53000,2026-01-16 12:30:22,NULL
211,22,1,58000,2026-01-13 20:22:49,NULL
212,6,1,65000,2026-01-21 11:47:30,NULL
212,13,1,65000,2026-01-21 11:47:30,NULL
213,1,2,53000,2026-01-08 10:03:42,NULL
213,10,1,71000,2026-01-08 10:03:42,NULL
214,20,3,55000,2026-01-01 15:59:10,NULL
214,11,1,70000,2026-01-01 15:59:10,NULL
214,5,1,49000,2026-01-01 15:59:10,NULL
215,22,1,58000,2026-01-03 17:36:14,NULL
215,21,2,52000,2026-01-03 17:36:14,NULL
216,22,1,58000,2026-01-30 07:53:25,NULL
216,20,1,55000,2026-01-30 07:53:25,NULL
217,3,1,53000,2026-01-10 14:41:34,NULL
217,12,2,73000,2026-01-10 14:41:34,NULL
218,8,1,33000,2026-01-24 14:41:16,NULL
219,12,1,73000,2026-01-07 09:39:54,NULL
219,2,1,58000,2026-01-07 09:39:54,NULL
220,18,3,71000,2026-01-11 21:15:00,NULL
221,2,1,58000,2026-01-24 16:00:16,NULL
221,3,1,53000,2026-01-24 16:00:16,NULL
222,21,1,52000,2026-01-29 21:45:49,NULL
223,9,2,62000,2026-01-08 09:30:09,NULL
223,16,2,58000,2026-01-08 09:30:09,NULL
223,21,2,52000,2026-01-08 09:30:09,NULL
224,17,1,62000,2026-01-22 19:38:55,NULL
225,3,1,53000,2026-01-02 20:35:57,NULL
226,12,2,73000,2026-01-04 17:13:45,NULL
227,19,2,50000,2026-01-17 13:29:36,NULL
228,8,1,33000,2026-01-27 07:47:13,NULL
229,4,1,58000,2026-01-30 21:04:59,NULL
230,21,1,52000,2026-01-24 17:26:23,NULL
230,9,1,62000,2026-01-24 17:26:23,NULL
231,3,3,53000,2026-01-21 20:22:07,NULL
232,13,2,65000,2026-01-25 07:19:29,NULL
233,15,1,53000,2026-01-12 09:17:12,NULL
234,11,1,70000,2026-01-29 07:15:13,NULL
235,18,2,71000,2026-01-08 18:02:25,NULL
236,14,1,71000,2026-01-10 10:52:58,NULL
237,6,1,65000,2026-01-10 21:09:42,NULL
238,1,1,53000,2026-01-24 21:11:40,NULL
239,7,1,71000,2026-01-13 19:33:20,NULL
240,21,3,52000,2026-01-08 20:14:19,NULL
240,13,1,65000,2026-01-08 20:14:19,NULL
241,20,1,55000,2026-01-08 11:13:21,NULL
241,2,1,58000,2026-01-08 11:13:21,NULL
241,17,1,62000,2026-01-08 11:13:21,NULL
242,13,2,65000,2026-01-28 08:12:51,NULL
242,11,1,70000,2026-01-28 08:12:51,NULL
243,18,1,71000,2026-01-01 10:59:12,NULL
243,21,2,52000,2026-01-01 10:59:12,NULL
244,15,1,53000,2026-01-08 15:20:49,NULL
245,8,1,33000,2026-01-29 14:29:06,NULL
245,5,1,49000,2026-01-29 14:29:06,NULL
246,10,1,71000,2026-01-24 09:01:16,NULL
247,16,2,58000,2026-01-13 16:53:15,NULL
247,6,3,65000,2026-01-13 16:53:15,NULL
248,13,1,65000,2026-01-16 14:10:46,NULL
249,1,1,53000,2026-01-21 07:33:02,NULL
250,2,1,58000,2026-01-03 18:09:00,NULL
251,10,1,71000,2026-01-30 14:42:31,NULL
252,22,1,58000,2026-01-18 11:01:32,NULL
253,9,2,62000,2026-01-17 09:15:12,NULL
254,20,2,55000,2026-01-15 16:15:44,NULL
254,15,2,53000,2026-01-15 16:15:44,NULL
255,2,1,58000,2026-01-13 15:30:03,NULL
255,20,1,55000,2026-01-13 15:30:03,NULL
256,20,2,55000,2026-01-04 21:33:58,NULL
257,1,2,53000,2026-01-02 21:04:43,NULL
258,22,1,58000,2026-01-31 10:37:09,NULL
258,7,1,71000,2026-01-31 10:37:09,NULL
259,24,2,85000,2026-01-22 21:34:21,NULL
260,18,3,71000,2026-01-12 07:06:27,NULL
261,9,2,62000,2026-01-25 12:01:40,NULL
262,6,1,65000,2026-01-22 16:42:24,NULL
263,9,1,62000,2026-01-13 18:50:40,NULL
264,10,1,71000,2026-01-15 12:48:17,NULL
265,18,2,71000,2026-01-04 07:05:22,NULL
266,4,1,58000,2026-01-13 19:05:46,NULL
267,10,1,71000,2026-01-10 11:31:09,NULL
268,11,1,70000,2026-01-31 10:46:40,NULL
268,3,1,53000,2026-01-31 10:46:40,NULL
269,19,1,50000,2026-01-13 19:55:21,NULL
270,22,3,58000,2026-01-10 12:38:44,NULL
271,19,1,50000,2026-01-23 17:31:36,NULL
272,17,2,62000,2026-01-07 16:34:11,NULL
273,3,1,53000,2026-01-26 11:53:44,NULL
273,7,1,71000,2026-01-26 11:53:44,NULL
274,12,2,73000,2026-01-13 08:28:38,NULL
275,21,1,52000,2026-01-18 07:50:23,NULL
276,15,1,53000,2026-01-22 12:10:41,NULL
277,12,1,73000,2026-01-11 19:27:06,NULL
278,14,1,71000,2026-01-19 10:28:23,NULL
278,12,1,73000,2026-01-19 10:28:23,NULL
279,8,2,33000,2026-01-30 08:07:53,NULL
280,2,1,58000,2026-01-12 14:06:28,NULL
281,22,1,58000,2026-01-01 20:21:41,NULL
281,17,1,62000,2026-01-01 20:21:41,NULL
282,15,1,53000,2026-01-14 14:14:51,NULL
283,5,1,49000,2026-01-29 10:28:37,NULL
284,5,1,49000,2026-01-26 08:36:06,NULL
285,14,2,71000,2026-01-16 15:40:20,NULL
285,8,1,33000,2026-01-16 15:40:20,NULL
286,3,1,53000,2026-01-23 19:19:58,NULL
287,3,1,53000,2026-01-06 12:44:09,NULL
288,12,1,73000,2026-01-21 15:44:58,NULL
289,5,1,49000,2026-01-15 16:03:55,NULL
290,10,1,71000,2026-01-21 14:26:43,NULL
290,4,2,58000,2026-01-21 14:26:43,NULL
291,13,1,65000,2026-01-02 11:14:34,NULL
291,18,1,71000,2026-01-02 11:14:34,NULL
292,1,1,53000,2026-01-09 19:34:52,NULL
292,17,3,62000,2026-01-09 19:34:52,NULL
293,20,1,55000,2026-01-25 10:19:55,NULL
294,9,2,62000,2026-01-04 19:51:15,NULL
295,13,1,65000,2026-01-06 16:08:50,NULL
296,16,2,58000,2026-01-23 11:18:36,NULL
296,2,2,58000,2026-01-23 11:18:36,NULL
296,22,3,58000,2026-01-23 11:18:36,NULL
297,19,1,50000,2026-01-05 18:55:08,NULL
297,18,1,71000,2026-01-05 18:55:08,NULL
298,21,1,52000,2026-01-09 17:26:24,NULL
298,2,1,58000,2026-01-09 17:26:24,NULL
299,20,3,55000,2026-01-12 14:31:20,NULL
299,2,1,58000,2026-01-12 14:31:20,NULL
300,19,1,50000,2026-01-28 08:50:34,NULL
300,12,1,73000,2026-01-28 08:50:34,NULL
300,8,1,33000,2026-01-28 08:50:34,NULL
301,15,2,53000,2026-01-26 12:57:43,NULL
302,21,2,52000,2026-01-15 14:00:27,NULL
302,7,1,71000,2026-01-15 14:00:27,NULL
302,20,1,55000,2026-01-15 14:00:27,NULL
303,16,1,58000,2026-01-29 17:10:03,NULL
304,5,1,49000,2026-01-23 08:00:13,NULL
305,2,1,58000,2026-01-11 20:07:55,NULL
306,19,2,50000,2026-01-04 08:20:23,NULL
307,4,1,58000,2026-01-22 09:04:33,NULL
307,9,2,62000,2026-01-22 09:04:33,NULL
308,3,2,53000,2026-01-20 17:28:55,NULL
309,6,2,65000,2026-01-14 12:50:08,NULL
309,14,1,71000,2026-01-14 12:50:08,NULL
310,12,2,73000,2026-01-01 20:54:42,NULL
311,6,1,65000,2026-01-02 19:57:50,NULL
312,13,1,65000,2026-01-12 21:20:08,NULL
313,1,1,53000,2026-01-25 08:01:37,NULL
314,10,1,71000,2026-01-17 11:40:45,NULL
315,23,1,87000,2026-01-05 11:05:19,NULL
315,4,2,58000,2026-01-05 11:05:19,NULL
315,8,1,33000,2026-01-05 11:05:19,NULL
316,22,1,58000,2026-01-10 18:27:46,NULL
317,1,1,53000,2026-01-02 11:42:47,NULL
318,3,2,53000,2026-01-31 12:33:33,NULL
319,6,2,65000,2026-01-29 08:49:57,NULL
319,2,1,58000,2026-01-29 08:49:57,NULL
320,6,1,65000,2026-01-17 12:03:31,NULL
321,20,1,55000,2026-01-24 08:14:47,NULL
322,17,1,62000,2026-01-13 21:09:11,NULL
322,15,1,53000,2026-01-13 21:09:11,NULL
323,16,1,58000,2026-01-11 11:52:04,NULL
324,7,1,71000,2026-01-17 07:25:04,NULL
324,2,1,58000,2026-01-17 07:25:04,NULL
325,23,3,87000,2026-01-26 11:47:39,NULL
326,10,1,71000,2026-01-24 21:34:48,NULL
327,9,1,62000,2026-01-27 18:56:00,NULL
327,17,1,62000,2026-01-27 18:56:00,NULL
328,22,2,58000,2026-01-14 14:03:09,NULL
329,12,1,73000,2026-01-23 21:23:29,NULL
330,6,1,65000,2026-01-19 16:03:27,NULL
331,2,1,58000,2026-01-23 20:47:20,NULL
332,10,1,71000,2026-01-19 08:09:06,NULL
333,19,1,50000,2026-01-07 14:19:29,NULL
334,6,1,65000,2026-01-20 07:13:53,NULL
335,20,1,55000,2026-02-22 11:16:52,NULL
335,13,1,65000,2026-02-22 11:16:52,NULL
336,19,1,50000,2026-02-04 07:03:53,NULL
337,2,2,58000,2026-02-21 08:37:37,NULL
338,11,1,70000,2026-02-05 08:57:54,NULL
339,4,1,58000,2026-02-27 18:25:31,NULL
339,5,1,49000,2026-02-27 18:25:31,NULL
340,10,1,71000,2026-02-02 16:39:39,NULL
341,24,1,85000,2026-02-13 09:26:12,NULL
342,13,1,65000,2026-02-26 18:22:30,NULL
343,24,1,85000,2026-02-01 12:38:14,NULL
344,19,2,50000,2026-02-08 09:06:15,NULL
345,14,2,71000,2026-02-19 20:51:24,NULL
346,13,1,65000,2026-02-19 07:45:44,NULL
347,6,1,65000,2026-02-16 15:19:11,NULL
348,4,2,58000,2026-02-01 12:58:39,NULL
349,20,3,55000,2026-02-02 07:09:37,NULL
350,23,2,87000,2026-02-22 13:37:06,NULL
351,16,1,58000,2026-02-21 14:41:20,NULL
351,22,1,58000,2026-02-21 14:41:20,NULL
351,18,1,71000,2026-02-21 14:41:20,NULL
352,22,3,58000,2026-02-23 11:08:11,NULL
352,9,1,62000,2026-02-23 11:08:11,NULL
352,24,1,85000,2026-02-23 11:08:11,NULL
353,17,1,62000,2026-02-20 10:40:36,NULL
354,21,1,52000,2026-02-06 17:56:05,NULL
354,11,1,70000,2026-02-06 17:56:05,NULL
355,10,1,71000,2026-02-26 08:46:00,NULL
356,14,1,71000,2026-02-13 12:34:24,NULL
356,18,1,71000,2026-02-13 12:34:24,NULL
357,4,1,58000,2026-02-02 11:01:20,NULL
358,17,1,62000,2026-02-18 21:05:21,NULL
358,10,1,71000,2026-02-18 21:05:21,NULL
359,17,1,62000,2026-02-02 08:21:13,NULL
360,3,1,53000,2026-02-08 08:03:25,NULL
360,9,1,62000,2026-02-08 08:03:25,NULL
361,7,1,71000,2026-02-20 14:12:06,NULL
362,15,1,53000,2026-02-10 19:25:30,NULL
363,6,2,65000,2026-02-13 12:11:28,NULL
364,19,2,50000,2026-02-05 19:44:42,NULL
364,10,1,71000,2026-02-05 19:44:42,NULL
365,6,1,65000,2026-02-27 15:26:34,NULL
366,16,1,58000,2026-02-28 18:02:32,NULL
366,15,2,53000,2026-02-28 18:02:32,NULL
367,24,1,85000,2026-02-06 10:51:12,NULL
368,21,1,52000,2026-02-21 09:53:38,NULL
368,2,1,58000,2026-02-21 09:53:38,NULL
368,9,1,62000,2026-02-21 09:53:38,NULL
369,10,1,71000,2026-02-28 07:50:44,NULL
370,18,2,71000,2026-02-19 16:48:06,NULL
370,20,2,55000,2026-02-19 16:48:06,NULL
371,10,1,71000,2026-02-21 14:36:38,NULL
372,17,2,62000,2026-02-13 07:25:56,NULL
373,12,1,73000,2026-02-01 12:52:50,NULL
374,10,1,71000,2026-02-05 11:47:28,NULL
375,20,1,55000,2026-02-07 21:52:26,NULL
375,19,1,50000,2026-02-07 21:52:26,NULL
376,4,2,58000,2026-02-17 13:08:49,NULL
377,9,1,62000,2026-02-08 07:29:03,NULL
378,4,2,58000,2026-02-04 17:01:15,NULL
379,2,1,58000,2026-02-12 12:10:53,NULL
379,1,2,53000,2026-02-12 12:10:53,NULL
380,15,1,53000,2026-02-07 20:14:41,NULL
381,19,1,50000,2026-02-25 17:00:30,NULL
382,20,1,55000,2026-02-10 18:45:41,NULL
382,11,1,70000,2026-02-10 18:45:41,NULL
383,23,1,87000,2026-02-20 13:37:06,NULL
383,19,1,50000,2026-02-20 13:37:06,NULL
383,13,1,65000,2026-02-20 13:37:06,NULL
384,22,1,58000,2026-02-11 11:40:20,NULL
384,15,1,53000,2026-02-11 11:40:20,NULL
385,16,1,58000,2026-02-02 19:54:51,NULL
385,17,3,62000,2026-02-02 19:54:51,NULL
386,13,2,65000,2026-02-14 13:24:47,NULL
386,4,1,58000,2026-02-14 13:24:47,NULL
387,4,1,58000,2026-02-26 14:58:42,NULL
388,13,2,65000,2026-02-10 08:30:08,NULL
388,21,2,52000,2026-02-10 08:30:08,NULL
389,8,1,33000,2026-02-08 12:14:47,NULL
389,6,2,65000,2026-02-08 12:14:47,NULL
390,5,1,49000,2026-02-28 17:37:37,NULL
391,8,3,33000,2026-02-17 11:26:03,NULL
391,24,1,85000,2026-02-17 11:26:03,NULL
391,21,2,52000,2026-02-17 11:26:03,NULL
392,1,2,53000,2026-02-03 14:21:40,NULL
392,6,1,65000,2026-02-03 14:21:40,NULL
393,15,3,53000,2026-02-16 19:48:49,NULL
393,10,1,71000,2026-02-16 19:48:49,NULL
394,16,1,58000,2026-02-24 12:00:57,NULL
395,14,1,71000,2026-02-23 21:22:19,NULL
396,10,1,71000,2026-02-10 11:29:46,NULL
397,5,3,49000,2026-02-16 12:48:12,NULL
398,18,1,71000,2026-02-01 16:32:10,NULL
398,9,2,62000,2026-02-01 16:32:10,NULL
399,3,1,53000,2026-02-20 07:42:06,NULL
400,1,1,53000,2026-02-09 14:44:09,NULL
400,10,1,71000,2026-02-09 14:44:09,NULL
401,3,1,53000,2026-02-23 09:26:53,NULL
402,10,1,71000,2026-02-07 19:16:53,NULL
403,16,2,58000,2026-02-07 18:59:30,NULL
404,17,2,62000,2026-02-22 14:09:05,NULL
405,20,1,55000,2026-02-15 11:16:29,NULL
406,3,1,53000,2026-02-14 18:07:06,NULL
407,8,1,33000,2026-02-15 16:17:56,NULL
408,15,1,53000,2026-02-15 11:53:24,NULL
408,19,1,50000,2026-02-15 11:53:24,NULL
409,4,1,58000,2026-02-04 13:58:37,NULL
409,9,1,62000,2026-02-04 13:58:37,NULL
410,10,1,71000,2026-02-27 18:57:08,NULL
411,13,3,65000,2026-02-11 07:45:55,NULL
412,15,1,53000,2026-02-11 15:33:44,NULL
413,15,1,53000,2026-02-22 17:24:09,NULL
414,8,1,33000,2026-02-28 14:55:10,NULL
415,19,1,50000,2026-02-18 17:24:25,NULL
416,10,1,71000,2026-02-15 12:07:31,NULL
417,12,1,73000,2026-02-27 08:50:38,NULL
418,18,1,71000,2026-02-11 12:52:03,NULL
419,8,2,33000,2026-02-12 18:28:07,NULL
420,4,1,58000,2026-02-10 15:33:23,NULL
421,22,1,58000,2026-02-24 13:06:16,NULL
422,15,1,53000,2026-02-26 10:45:21,NULL
423,1,1,53000,2026-02-15 14:42:37,NULL
423,17,1,62000,2026-02-15 14:42:37,NULL
423,13,2,65000,2026-02-15 14:42:37,NULL
424,15,1,53000,2026-02-06 18:37:11,NULL
425,22,3,58000,2026-02-13 13:38:58,NULL
426,20,1,55000,2026-02-05 09:26:38,NULL
427,17,1,62000,2026-02-24 21:35:40,NULL
428,8,1,33000,2026-02-05 18:41:11,NULL
428,3,1,53000,2026-02-05 18:41:11,NULL
429,20,2,55000,2026-02-22 18:26:43,NULL
430,18,1,71000,2026-02-01 13:09:03,NULL
431,13,1,65000,2026-02-09 09:53:03,NULL
432,13,2,65000,2026-02-20 20:43:47,NULL
432,6,2,65000,2026-02-20 20:43:47,NULL
433,23,1,87000,2026-02-22 07:59:24,NULL
433,7,1,71000,2026-02-22 07:59:24,NULL
433,13,1,65000,2026-02-22 07:59:24,NULL
434,9,2,62000,2026-02-28 14:53:14,NULL
434,14,1,71000,2026-02-28 14:53:14,NULL
435,4,1,58000,2026-02-07 11:28:11,NULL
436,6,1,65000,2026-02-14 11:35:16,NULL
437,22,1,58000,2026-02-05 07:09:59,NULL
438,7,1,71000,2026-02-16 19:36:35,NULL
438,5,1,49000,2026-02-16 19:36:35,NULL
439,5,1,49000,2026-02-14 15:34:25,NULL
440,23,1,87000,2026-02-07 19:39:33,NULL
440,1,1,53000,2026-02-07 19:39:33,NULL
441,9,1,62000,2026-02-20 21:39:15,NULL
441,19,1,50000,2026-02-20 21:39:15,NULL
442,12,1,73000,2026-02-01 21:33:52,NULL
443,22,1,58000,2026-02-21 10:20:32,NULL
444,3,1,53000,2026-02-07 17:40:49,NULL
445,1,1,53000,2026-02-24 19:27:41,NULL
445,17,1,62000,2026-02-24 19:27:41,NULL
446,11,1,70000,2026-02-09 15:04:36,NULL
447,2,1,58000,2026-02-13 17:07:34,NULL
447,17,2,62000,2026-02-13 17:07:34,NULL
448,7,1,71000,2026-02-17 08:18:50,NULL
448,22,2,58000,2026-02-17 08:18:50,NULL
449,15,1,53000,2026-02-18 10:08:47,NULL
450,13,1,65000,2026-02-26 20:46:41,NULL
451,21,1,52000,2026-02-13 15:35:05,NULL
451,8,1,33000,2026-02-13 15:35:05,NULL
452,16,1,58000,2026-02-06 09:14:39,NULL
453,2,2,58000,2026-02-15 17:35:04,NULL
454,15,2,53000,2026-02-11 12:08:42,NULL
455,13,1,65000,2026-02-15 12:39:42,NULL
456,15,1,53000,2026-02-14 09:00:20,NULL
456,6,1,65000,2026-02-14 09:00:20,NULL
457,3,1,53000,2026-02-16 14:28:22,NULL
458,21,1,52000,2026-02-28 20:08:57,NULL
459,14,2,71000,2026-02-28 15:40:01,NULL
460,5,2,49000,2026-02-18 21:34:30,NULL
461,12,1,73000,2026-02-10 09:29:32,NULL
462,4,1,58000,2026-02-26 16:43:10,NULL
463,18,1,71000,2026-02-28 09:47:46,NULL
464,21,2,52000,2026-02-08 07:42:13,NULL
465,6,1,65000,2026-02-11 08:45:33,NULL
465,13,1,65000,2026-02-11 08:45:33,NULL
466,21,1,52000,2026-02-21 21:53:04,NULL
467,21,1,52000,2026-02-28 12:31:50,NULL
468,14,2,71000,2026-02-17 17:17:13,NULL
469,11,1,70000,2026-02-14 19:21:46,NULL
469,14,1,71000,2026-02-14 19:21:46,NULL
470,21,1,52000,2026-02-05 16:37:10,NULL
471,17,1,62000,2026-02-06 15:25:38,NULL
472,19,1,50000,2026-02-03 10:28:38,NULL
473,17,1,62000,2026-02-27 19:11:39,NULL
474,5,2,49000,2026-02-19 08:14:24,NULL
475,14,1,71000,2026-02-14 20:09:38,NULL
476,14,2,71000,2026-02-17 19:07:05,NULL
477,1,1,53000,2026-02-25 17:41:27,NULL
478,17,2,62000,2026-02-26 14:50:49,NULL
479,2,1,58000,2026-02-04 13:08:16,NULL
479,14,1,71000,2026-02-04 13:08:16,NULL
479,13,2,65000,2026-02-04 13:08:16,NULL
480,7,1,71000,2026-02-04 15:00:24,NULL
480,9,1,62000,2026-02-04 15:00:24,NULL
481,16,2,58000,2026-02-28 15:27:36,NULL
482,6,1,65000,2026-02-26 15:30:11,NULL
483,11,1,70000,2026-02-23 13:47:08,NULL
483,16,1,58000,2026-02-23 13:47:08,NULL
484,4,1,58000,2026-02-11 19:35:39,NULL
484,22,1,58000,2026-02-11 19:35:39,NULL
485,14,2,71000,2026-02-20 13:05:04,NULL
486,2,1,58000,2026-02-13 16:41:33,NULL
486,18,1,71000,2026-02-13 16:41:33,NULL
486,4,2,58000,2026-02-13 16:41:33,NULL
487,6,1,65000,2026-02-17 11:12:02,NULL
488,10,1,71000,2026-02-21 07:10:05,NULL
489,19,2,50000,2026-02-24 18:04:58,NULL
490,13,1,65000,2026-02-27 11:14:38,NULL
490,6,1,65000,2026-02-27 11:14:38,NULL
490,10,1,71000,2026-02-27 11:14:38,NULL
491,10,1,71000,2026-02-26 15:16:56,NULL
492,14,1,71000,2026-02-08 19:21:49,NULL
493,7,3,71000,2026-02-13 17:50:14,NULL
494,16,2,58000,2026-02-01 18:53:16,NULL
495,17,2,62000,2026-02-16 12:22:13,NULL
496,5,1,49000,2026-02-24 10:15:47,NULL
497,12,3,73000,2026-02-05 19:06:07,NULL
497,1,2,53000,2026-02-05 19:06:07,NULL
497,20,1,55000,2026-02-05 19:06:07,NULL
498,5,1,49000,2026-02-19 20:17:31,NULL
499,18,1,71000,2026-02-16 15:02:32,NULL
499,11,1,70000,2026-02-16 15:02:32,NULL
500,9,2,62000,2026-02-01 07:43:13,NULL
501,12,1,73000,2026-02-09 10:17:30,NULL
502,3,1,53000,2026-03-12 12:54:25,NULL
503,9,1,62000,2026-03-04 18:17:51,NULL
504,24,2,85000,2026-03-05 14:51:00,NULL
505,13,1,65000,2026-03-24 12:50:31,NULL
506,17,1,62000,2026-03-02 10:52:16,NULL
507,9,1,62000,2026-03-18 21:51:16,NULL
508,7,2,71000,2026-03-19 16:41:41,NULL
508,8,1,33000,2026-03-19 16:41:41,NULL
508,12,1,73000,2026-03-19 16:41:41,NULL
509,8,1,33000,2026-03-15 17:09:55,NULL
509,15,2,53000,2026-03-15 17:09:55,NULL
510,14,2,71000,2026-03-11 10:20:20,NULL
510,10,2,71000,2026-03-11 10:20:20,NULL
511,1,2,53000,2026-03-24 16:33:28,NULL
512,3,1,53000,2026-03-31 18:44:47,NULL
513,2,1,58000,2026-03-18 07:01:49,NULL
513,6,1,65000,2026-03-18 07:01:49,NULL
514,3,1,53000,2026-03-10 10:15:47,NULL
514,19,1,50000,2026-03-10 10:15:47,NULL
515,3,2,53000,2026-03-11 20:30:29,NULL
516,10,1,71000,2026-03-19 16:29:40,NULL
516,15,2,53000,2026-03-19 16:29:40,NULL
517,4,1,58000,2026-03-08 19:05:28,NULL
518,16,1,58000,2026-03-25 20:08:22,NULL
519,1,1,53000,2026-03-10 07:49:27,NULL
520,9,1,62000,2026-03-18 13:25:15,NULL
521,7,2,71000,2026-03-08 15:48:51,NULL
521,17,1,62000,2026-03-08 15:48:51,NULL
522,6,1,65000,2026-03-06 09:18:07,NULL
522,15,1,53000,2026-03-06 09:18:07,NULL
523,17,1,62000,2026-03-01 09:06:18,NULL
523,6,1,65000,2026-03-01 09:06:18,NULL
524,1,2,53000,2026-03-10 19:51:31,NULL
524,2,1,58000,2026-03-10 19:51:31,NULL
525,6,1,65000,2026-03-13 08:34:30,NULL
525,9,3,62000,2026-03-13 08:34:30,NULL
526,17,1,62000,2026-03-13 19:28:15,NULL
527,17,2,62000,2026-03-07 14:24:43,NULL
528,1,1,53000,2026-03-04 11:30:40,NULL
529,14,1,71000,2026-03-08 17:27:20,NULL
529,10,3,71000,2026-03-08 17:27:20,NULL
530,6,1,65000,2026-03-23 14:44:38,NULL
530,12,1,73000,2026-03-23 14:44:38,NULL
531,13,1,65000,2026-03-25 17:03:03,NULL
532,10,1,71000,2026-03-11 15:50:41,NULL
532,4,1,58000,2026-03-11 15:50:41,NULL
533,16,1,58000,2026-03-29 07:31:45,NULL
534,13,1,65000,2026-03-12 12:46:29,NULL
534,2,1,58000,2026-03-12 12:46:29,NULL
534,4,1,58000,2026-03-12 12:46:29,NULL
535,18,2,71000,2026-03-17 13:46:11,NULL
535,6,1,65000,2026-03-17 13:46:11,NULL
536,7,1,71000,2026-03-13 10:33:43,NULL
537,1,1,53000,2026-03-04 15:42:04,NULL
538,15,1,53000,2026-03-02 16:41:53,NULL
539,21,1,52000,2026-03-20 18:04:00,NULL
540,2,1,58000,2026-03-02 12:35:47,NULL
540,14,2,71000,2026-03-02 12:35:47,NULL
541,9,1,62000,2026-03-03 10:33:06,NULL
542,3,1,53000,2026-03-19 17:11:35,NULL
543,13,1,65000,2026-03-15 18:42:27,NULL
543,12,1,73000,2026-03-15 18:42:27,NULL
544,10,2,71000,2026-03-30 12:57:20,NULL
544,15,1,53000,2026-03-30 12:57:20,NULL
545,22,1,58000,2026-03-18 10:24:49,NULL
546,21,1,52000,2026-03-24 07:18:38,NULL
547,21,1,52000,2026-03-07 20:20:01,NULL
547,12,1,73000,2026-03-07 20:20:01,NULL
548,6,1,65000,2026-03-12 09:08:16,NULL
549,11,1,70000,2026-03-19 21:13:46,NULL
550,1,1,53000,2026-03-23 16:52:58,NULL
550,19,2,50000,2026-03-23 16:52:58,NULL
551,3,2,53000,2026-03-11 12:56:52,NULL
551,18,2,71000,2026-03-11 12:56:52,NULL
551,17,1,62000,2026-03-11 12:56:52,NULL
552,8,1,33000,2026-03-02 11:33:02,NULL
553,2,1,58000,2026-03-22 18:25:28,NULL
554,13,1,65000,2026-03-05 09:21:05,NULL
554,6,1,65000,2026-03-05 09:21:05,NULL
555,13,1,65000,2026-03-25 09:30:35,NULL
556,22,1,58000,2026-03-17 10:15:04,NULL
557,1,1,53000,2026-03-14 12:22:12,NULL
558,22,1,58000,2026-03-20 20:51:28,NULL
559,6,1,65000,2026-03-05 19:46:54,NULL
559,15,2,53000,2026-03-05 19:46:54,NULL
560,8,2,33000,2026-03-11 18:51:07,NULL
561,24,1,85000,2026-03-18 15:48:16,NULL
561,16,1,58000,2026-03-18 15:48:16,NULL
562,16,1,58000,2026-03-17 07:16:10,NULL
563,21,1,52000,2026-03-31 07:04:24,NULL
563,9,1,62000,2026-03-31 07:04:24,NULL
564,11,1,70000,2026-03-13 10:24:32,NULL
564,14,3,71000,2026-03-13 10:24:32,NULL
564,2,1,58000,2026-03-13 10:24:32,NULL
565,17,1,62000,2026-03-02 10:59:33,NULL
566,15,2,53000,2026-03-12 17:19:15,NULL
566,20,2,55000,2026-03-12 17:19:15,NULL
567,2,3,58000,2026-03-31 11:14:09,NULL
567,9,1,62000,2026-03-31 11:14:09,NULL
568,21,1,52000,2026-03-08 13:15:36,NULL
568,8,1,33000,2026-03-08 13:15:36,NULL
568,13,1,65000,2026-03-08 13:15:36,NULL
569,10,1,71000,2026-03-28 09:19:44,NULL
569,21,1,52000,2026-03-28 09:19:44,NULL
569,18,1,71000,2026-03-28 09:19:44,NULL
570,18,1,71000,2026-03-31 18:07:11,NULL
570,21,1,52000,2026-03-31 18:07:11,NULL
571,4,1,58000,2026-03-30 20:57:40,NULL
572,6,1,65000,2026-03-20 11:38:36,NULL
573,4,1,58000,2026-03-05 15:54:38,NULL
573,9,1,62000,2026-03-05 15:54:38,NULL
574,16,1,58000,2026-03-14 19:00:59,NULL
575,20,1,55000,2026-03-06 21:28:55,NULL
575,21,2,52000,2026-03-06 21:28:55,NULL
576,13,2,65000,2026-03-27 13:46:20,NULL
576,15,1,53000,2026-03-27 13:46:20,NULL
577,24,1,85000,2026-03-27 21:02:56,NULL
578,7,2,71000,2026-03-25 17:03:12,NULL
579,3,2,53000,2026-03-14 11:39:58,NULL
580,16,1,58000,2026-03-24 15:07:11,NULL
580,3,1,53000,2026-03-24 15:07:11,NULL
580,10,1,71000,2026-03-24 15:07:11,NULL
581,21,2,52000,2026-03-07 21:29:05,NULL
581,19,1,50000,2026-03-07 21:29:05,NULL
582,23,1,87000,2026-03-21 12:05:33,NULL
582,14,1,71000,2026-03-21 12:05:33,NULL
583,3,2,53000,2026-03-30 12:36:55,NULL
584,21,3,52000,2026-03-10 18:49:28,NULL
585,14,1,71000,2026-03-01 14:31:54,NULL
585,12,1,73000,2026-03-01 14:31:54,NULL
586,6,2,65000,2026-03-15 08:38:38,NULL
586,15,1,53000,2026-03-15 08:38:38,NULL
587,19,2,50000,2026-03-02 17:22:02,NULL
587,7,1,71000,2026-03-02 17:22:02,NULL
588,14,1,71000,2026-03-06 09:43:18,NULL
588,18,1,71000,2026-03-06 09:43:18,NULL
589,9,1,62000,2026-03-30 07:05:49,NULL
590,6,1,65000,2026-03-18 08:18:30,NULL
590,12,1,73000,2026-03-18 08:18:30,NULL
591,16,2,58000,2026-03-04 16:46:40,NULL
592,24,1,85000,2026-03-10 13:38:54,NULL
593,4,1,58000,2026-03-19 14:33:46,NULL
594,17,1,62000,2026-03-07 07:07:01,NULL
594,5,1,49000,2026-03-07 07:07:01,NULL
595,7,2,71000,2026-03-18 19:40:13,NULL
596,8,1,33000,2026-03-17 15:20:49,NULL
596,17,1,62000,2026-03-17 15:20:49,NULL
597,19,1,50000,2026-03-11 20:21:59,NULL
597,15,2,53000,2026-03-11 20:21:59,NULL
597,11,1,70000,2026-03-11 20:21:59,NULL
598,7,1,71000,2026-03-26 20:26:59,NULL
598,17,1,62000,2026-03-26 20:26:59,NULL
599,7,1,71000,2026-03-22 12:51:58,NULL
599,1,2,53000,2026-03-22 12:51:58,NULL
599,24,1,85000,2026-03-22 12:51:58,NULL
600,7,1,71000,2026-03-20 08:55:50,NULL
600,1,1,53000,2026-03-20 08:55:50,NULL
601,9,1,62000,2026-03-15 20:19:13,NULL
602,8,1,33000,2026-03-03 14:32:01,NULL
603,22,1,58000,2026-03-10 19:20:09,NULL
603,16,2,58000,2026-03-10 19:20:09,NULL
604,16,1,58000,2026-03-23 20:33:07,NULL
604,14,1,71000,2026-03-23 20:33:07,NULL
604,2,1,58000,2026-03-23 20:33:07,NULL
605,8,1,33000,2026-03-10 07:36:48,NULL
605,4,1,58000,2026-03-10 07:36:48,NULL
606,15,1,53000,2026-03-04 11:09:10,NULL
607,13,1,65000,2026-03-12 15:20:17,NULL
607,4,2,58000,2026-03-12 15:20:17,NULL
608,1,1,53000,2026-03-02 09:01:30,NULL
609,9,1,62000,2026-03-20 21:37:40,NULL
610,2,2,58000,2026-03-25 17:51:34,NULL
611,11,1,70000,2026-03-04 14:19:43,NULL
611,22,2,58000,2026-03-04 14:19:43,NULL
612,21,1,52000,2026-03-12 13:11:44,NULL
612,11,1,70000,2026-03-12 13:11:44,NULL
613,3,2,53000,2026-03-15 20:10:18,NULL
614,14,1,71000,2026-03-11 15:41:04,NULL
615,14,1,71000,2026-03-06 14:24:04,NULL
615,18,2,71000,2026-03-06 14:24:04,NULL
616,13,1,65000,2026-03-08 09:42:42,NULL
616,12,1,73000,2026-03-08 09:42:42,NULL
616,14,2,71000,2026-03-08 09:42:42,NULL
617,18,1,71000,2026-03-31 13:04:38,NULL
617,9,1,62000,2026-03-31 13:04:38,NULL
618,15,1,53000,2026-03-29 16:57:48,NULL
618,11,1,70000,2026-03-29 16:57:48,NULL
619,16,2,58000,2026-03-07 17:56:20,NULL
619,21,2,52000,2026-03-07 17:56:20,NULL
620,20,2,55000,2026-03-03 16:00:39,NULL
620,2,3,58000,2026-03-03 16:00:39,NULL
621,16,1,58000,2026-03-27 12:07:55,NULL
622,11,1,70000,2026-03-13 13:24:27,NULL
622,4,2,58000,2026-03-13 13:24:27,NULL
623,15,1,53000,2026-03-05 11:55:42,NULL
624,20,1,55000,2026-03-22 13:08:05,NULL
624,21,2,52000,2026-03-22 13:08:05,NULL
625,4,1,58000,2026-03-15 15:27:35,NULL
626,13,1,65000,2026-03-28 18:15:45,NULL
627,16,1,58000,2026-03-19 14:45:23,NULL
628,21,1,52000,2026-03-28 19:49:17,NULL
629,14,1,71000,2026-03-24 17:42:04,NULL
630,13,3,65000,2026-03-18 19:00:30,NULL
630,8,1,33000,2026-03-18 19:00:30,NULL
630,9,1,62000,2026-03-18 19:00:30,NULL
631,11,1,70000,2026-03-20 18:19:46,NULL
632,12,2,73000,2026-03-26 18:39:01,NULL
633,14,2,71000,2026-03-05 16:17:17,NULL
633,21,1,52000,2026-03-05 16:17:17,NULL
634,12,1,73000,2026-03-06 11:50:44,NULL
635,10,1,71000,2026-03-31 09:38:59,NULL
635,9,2,62000,2026-03-31 09:38:59,NULL
636,19,1,50000,2026-03-19 18:53:22,NULL
637,16,1,58000,2026-03-16 11:30:47,NULL
638,7,1,71000,2026-03-17 20:27:00,NULL
639,15,1,53000,2026-03-04 21:34:40,NULL
639,6,2,65000,2026-03-04 21:34:40,NULL
640,16,2,58000,2026-03-19 13:29:49,NULL
641,19,1,50000,2026-03-22 18:11:20,NULL
641,1,1,53000,2026-03-22 18:11:20,NULL
642,2,2,58000,2026-03-08 18:18:16,NULL
643,2,2,58000,2026-03-27 10:38:40,NULL
643,14,1,71000,2026-03-27 10:38:40,NULL
643,9,2,62000,2026-03-27 10:38:40,NULL
644,2,3,58000,2026-03-04 18:11:16,NULL
644,11,2,70000,2026-03-04 18:11:16,NULL
645,6,1,65000,2026-03-22 19:49:20,NULL
645,2,3,58000,2026-03-22 19:49:20,NULL
646,5,1,49000,2026-03-27 11:11:28,NULL
646,9,1,62000,2026-03-27 11:11:28,NULL
646,15,1,53000,2026-03-27 11:11:28,NULL
647,2,2,58000,2026-03-04 21:28:45,NULL
648,1,1,53000,2026-03-01 21:31:09,NULL
649,18,1,71000,2026-03-11 21:25:36,NULL
649,11,2,70000,2026-03-11 21:25:36,NULL
650,11,2,70000,2026-03-03 15:14:00,NULL
650,13,1,65000,2026-03-03 15:14:00,NULL
651,22,1,58000,2026-03-13 07:40:41,NULL
652,9,1,62000,2026-03-25 11:41:12,NULL
653,15,2,53000,2026-03-29 08:40:44,NULL
654,18,1,71000,2026-03-07 07:46:37,NULL
655,8,2,33000,2026-03-31 20:51:28,NULL
656,20,1,55000,2026-03-07 19:41:42,NULL
656,13,1,65000,2026-03-07 19:41:42,NULL
656,17,2,62000,2026-03-07 19:41:42,NULL
657,15,1,53000,2026-03-01 14:58:58,NULL
658,19,2,50000,2026-03-29 11:52:50,NULL
658,2,1,58000,2026-03-29 11:52:50,NULL
659,19,2,50000,2026-03-20 10:04:51,NULL
660,18,1,71000,2026-03-04 17:36:34,NULL
661,13,2,65000,2026-03-04 11:09:48,NULL
661,10,1,71000,2026-03-04 11:09:48,NULL
662,1,2,53000,2026-03-20 13:49:10,NULL
663,5,1,49000,2026-03-19 21:18:26,NULL
663,15,1,53000,2026-03-19 21:18:26,NULL
664,22,1,58000,2026-03-20 18:02:38,NULL
665,12,1,73000,2026-03-12 13:00:35,NULL
666,6,2,65000,2026-03-25 15:32:14,NULL
666,4,1,58000,2026-03-25 15:32:14,NULL
667,9,1,62000,2026-03-16 14:11:10,NULL
668,1,1,53000,2026-03-20 19:56:48,NULL
669,14,1,71000,2026-04-01 14:32:07,NULL
669,8,1,33000,2026-04-01 14:32:07,NULL
670,20,1,55000,2026-04-25 08:20:14,NULL
670,9,1,62000,2026-04-25 08:20:14,NULL
671,9,1,62000,2026-04-29 13:09:13,NULL
672,2,2,58000,2026-04-12 11:12:21,NULL
672,3,1,53000,2026-04-12 11:12:21,NULL
673,15,1,53000,2026-04-11 10:56:18,NULL
673,14,3,71000,2026-04-11 10:56:18,NULL
674,19,1,50000,2026-04-03 13:54:33,NULL
675,21,1,52000,2026-04-24 20:15:15,NULL
676,17,1,62000,2026-04-19 21:00:26,NULL
676,12,2,73000,2026-04-19 21:00:26,NULL
676,10,1,71000,2026-04-19 21:00:26,NULL
677,22,1,58000,2026-04-08 08:35:48,NULL
677,3,1,53000,2026-04-08 08:35:48,NULL
678,1,2,53000,2026-04-22 11:10:45,NULL
678,11,2,70000,2026-04-22 11:10:45,NULL
679,20,2,55000,2026-04-26 20:23:40,NULL
679,2,1,58000,2026-04-26 20:23:40,NULL
680,18,2,71000,2026-04-25 11:44:39,NULL
680,2,2,58000,2026-04-25 11:44:39,NULL
681,1,1,53000,2026-04-12 21:03:07,NULL
682,8,1,33000,2026-04-23 08:35:45,NULL
683,18,2,71000,2026-04-24 19:37:55,NULL
683,8,1,33000,2026-04-24 19:37:55,NULL
684,19,1,50000,2026-04-02 08:23:22,NULL
685,16,1,58000,2026-04-27 15:57:18,NULL
686,21,1,52000,2026-04-29 08:12:57,NULL
687,20,1,55000,2026-04-04 09:17:07,NULL
688,10,1,71000,2026-04-10 13:43:34,NULL
689,10,1,71000,2026-04-03 07:55:51,NULL
689,8,1,33000,2026-04-03 07:55:51,NULL
690,3,2,53000,2026-04-23 15:53:35,NULL
691,7,3,71000,2026-04-09 10:30:23,NULL
692,16,1,58000,2026-04-06 18:34:18,NULL
693,5,2,49000,2026-04-02 12:36:08,NULL
694,3,1,53000,2026-04-12 09:23:28,NULL
695,17,3,62000,2026-04-25 09:29:59,NULL
696,19,2,50000,2026-04-23 11:30:57,NULL
696,17,1,62000,2026-04-23 11:30:57,NULL
697,10,2,71000,2026-04-29 07:08:43,NULL
698,5,2,49000,2026-04-03 12:03:38,NULL
699,2,1,58000,2026-04-01 08:34:54,NULL
699,12,1,73000,2026-04-01 08:34:54,NULL
700,10,1,71000,2026-04-02 21:42:23,NULL
700,9,1,62000,2026-04-02 21:42:23,NULL
701,17,1,62000,2026-04-15 20:35:05,NULL
701,10,1,71000,2026-04-15 20:35:05,NULL
702,14,1,71000,2026-04-29 13:46:57,NULL
702,3,3,53000,2026-04-29 13:46:57,NULL
703,10,2,71000,2026-04-11 08:59:37,NULL
704,19,1,50000,2026-04-18 14:45:36,NULL
705,17,1,62000,2026-04-27 20:19:53,NULL
706,16,1,58000,2026-04-05 11:19:40,NULL
707,12,1,73000,2026-04-30 18:41:15,NULL
707,23,1,87000,2026-04-30 18:41:15,NULL
708,19,1,50000,2026-04-14 20:16:40,NULL
708,9,1,62000,2026-04-14 20:16:40,NULL
708,17,1,62000,2026-04-14 20:16:40,NULL
709,9,1,62000,2026-04-15 21:44:08,NULL
710,18,1,71000,2026-04-02 11:18:33,NULL
711,16,1,58000,2026-04-18 12:55:20,NULL
712,18,1,71000,2026-04-12 20:09:00,NULL
713,19,1,50000,2026-04-06 08:13:09,NULL
713,13,3,65000,2026-04-06 08:13:09,NULL
714,2,2,58000,2026-04-23 15:44:48,NULL
715,21,2,52000,2026-04-16 12:19:44,NULL
715,14,1,71000,2026-04-16 12:19:44,NULL
716,3,1,53000,2026-04-01 18:52:07,NULL
716,5,1,49000,2026-04-01 18:52:07,NULL
717,1,2,53000,2026-04-25 19:07:04,NULL
717,3,1,53000,2026-04-25 19:07:04,NULL
718,2,1,58000,2026-04-30 11:02:04,NULL
719,3,2,53000,2026-04-19 21:12:11,NULL
720,12,2,73000,2026-04-19 12:22:10,NULL
720,2,2,58000,2026-04-19 12:22:10,NULL
721,17,2,62000,2026-04-23 10:18:10,NULL
722,16,1,58000,2026-04-28 18:30:23,NULL
723,24,1,85000,2026-04-13 13:13:32,NULL
724,2,1,58000,2026-04-16 19:23:45,NULL
724,12,1,73000,2026-04-16 19:23:45,NULL
725,20,1,55000,2026-04-22 20:28:14,NULL
726,10,1,71000,2026-04-22 12:11:00,NULL
726,12,1,73000,2026-04-22 12:11:00,NULL
727,5,1,49000,2026-04-23 16:06:47,NULL
728,18,2,71000,2026-04-13 08:14:53,NULL
729,14,1,71000,2026-04-25 19:51:41,NULL
730,12,1,73000,2026-04-09 09:49:29,NULL
731,23,1,87000,2026-04-04 18:03:53,NULL
731,9,1,62000,2026-04-04 18:03:53,NULL
732,18,1,71000,2026-04-04 19:04:42,NULL
732,5,1,49000,2026-04-04 19:04:42,NULL
733,1,1,53000,2026-04-11 19:55:34,NULL
733,10,1,71000,2026-04-11 19:55:34,NULL
733,21,1,52000,2026-04-11 19:55:34,NULL
734,4,1,58000,2026-04-02 09:35:42,NULL
734,10,1,71000,2026-04-02 09:35:42,NULL
735,11,1,70000,2026-04-19 17:31:42,NULL
736,9,1,62000,2026-04-02 13:16:31,NULL
736,23,1,87000,2026-04-02 13:16:31,NULL
737,2,1,58000,2026-04-12 19:47:37,NULL
738,14,1,71000,2026-04-12 07:42:15,NULL
738,21,1,52000,2026-04-12 07:42:15,NULL
739,13,1,65000,2026-04-01 15:20:02,NULL
739,21,1,52000,2026-04-01 15:20:02,NULL
740,12,1,73000,2026-04-11 13:36:24,NULL
741,7,3,71000,2026-04-16 15:51:48,NULL
742,1,3,53000,2026-04-21 20:50:04,NULL
743,8,1,33000,2026-04-08 16:47:05,NULL
744,12,1,73000,2026-04-16 13:13:22,NULL
744,7,1,71000,2026-04-16 13:13:22,NULL
745,1,2,53000,2026-04-09 16:32:29,NULL
746,15,2,53000,2026-04-19 14:13:42,NULL
747,5,1,49000,2026-04-30 13:59:36,NULL
748,19,1,50000,2026-04-24 17:48:19,NULL
749,14,1,71000,2026-04-14 11:52:18,NULL
750,24,1,85000,2026-04-01 10:51:52,NULL
751,6,1,65000,2026-04-07 09:17:08,NULL
751,13,1,65000,2026-04-07 09:17:08,NULL
752,20,1,55000,2026-04-26 07:03:55,NULL
752,21,1,52000,2026-04-26 07:03:55,NULL
753,17,2,62000,2026-04-03 13:53:46,NULL
754,2,1,58000,2026-04-27 16:49:59,NULL
755,17,1,62000,2026-04-11 12:53:37,NULL
755,22,1,58000,2026-04-11 12:53:37,NULL
756,9,2,62000,2026-04-09 14:26:16,NULL
757,17,2,62000,2026-04-14 14:43:15,NULL
758,16,1,58000,2026-04-02 20:47:42,NULL
758,6,2,65000,2026-04-02 20:47:42,NULL
758,9,2,62000,2026-04-02 20:47:42,NULL
759,22,2,58000,2026-04-18 20:15:54,NULL
760,20,1,55000,2026-04-10 08:59:52,NULL
761,6,2,65000,2026-04-11 21:51:49,NULL
761,2,1,58000,2026-04-11 21:51:49,NULL
762,16,1,58000,2026-04-30 20:21:45,NULL
762,12,1,73000,2026-04-30 20:21:45,NULL
763,4,1,58000,2026-04-24 12:29:44,NULL
763,10,1,71000,2026-04-24 12:29:44,NULL
764,17,2,62000,2026-04-10 12:36:05,NULL
765,20,1,55000,2026-04-05 20:38:43,NULL
766,9,1,62000,2026-04-19 20:20:51,NULL
767,15,3,53000,2026-04-27 21:36:14,NULL
767,21,1,52000,2026-04-27 21:36:14,NULL
768,2,1,58000,2026-04-06 07:25:39,NULL
769,12,1,73000,2026-04-04 07:45:33,NULL
769,5,2,49000,2026-04-04 07:45:33,NULL
770,5,1,49000,2026-04-09 11:47:31,NULL
771,1,1,53000,2026-04-24 17:12:26,NULL
771,23,1,87000,2026-04-24 17:12:26,NULL
772,20,3,55000,2026-04-19 17:41:29,NULL
773,2,1,58000,2026-04-07 18:24:45,NULL
774,19,1,50000,2026-04-16 21:22:38,NULL
774,1,1,53000,2026-04-16 21:22:38,NULL
775,6,1,65000,2026-04-22 12:08:57,NULL
776,3,1,53000,2026-04-29 14:08:05,NULL
777,7,2,71000,2026-04-16 20:53:17,NULL
777,20,1,55000,2026-04-16 20:53:17,NULL
777,14,1,71000,2026-04-16 20:53:17,NULL
778,15,1,53000,2026-04-11 18:31:48,NULL
778,19,1,50000,2026-04-11 18:31:48,NULL
779,24,2,85000,2026-04-02 14:16:10,NULL
780,20,1,55000,2026-04-23 15:31:29,NULL
780,3,2,53000,2026-04-23 15:31:29,NULL
781,14,3,71000,2026-04-06 18:32:52,NULL
782,16,1,58000,2026-04-19 09:26:58,NULL
782,21,1,52000,2026-04-19 09:26:58,NULL
783,2,2,58000,2026-04-13 12:37:59,NULL
784,1,1,53000,2026-04-15 17:17:38,NULL
785,1,1,53000,2026-04-24 18:58:51,NULL
786,6,1,65000,2026-04-02 18:04:35,NULL
787,10,1,71000,2026-04-13 08:01:54,NULL
788,7,1,71000,2026-04-05 08:19:31,NULL
788,16,1,58000,2026-04-05 08:19:31,NULL
789,14,1,71000,2026-04-17 10:31:28,NULL
790,12,3,73000,2026-04-12 16:11:27,NULL
791,12,1,73000,2026-04-21 17:45:09,NULL
791,7,2,71000,2026-04-21 17:45:09,NULL
792,7,1,71000,2026-04-05 09:43:57,NULL
793,17,2,62000,2026-04-17 08:32:27,NULL
794,11,2,70000,2026-04-19 08:49:32,NULL
794,18,1,71000,2026-04-19 08:49:32,NULL
795,11,1,70000,2026-04-23 11:20:37,NULL
795,19,2,50000,2026-04-23 11:20:37,NULL
796,3,1,53000,2026-04-07 09:05:47,NULL
796,13,1,65000,2026-04-07 09:05:47,NULL
797,12,3,73000,2026-04-16 14:44:25,NULL
797,15,1,53000,2026-04-16 14:44:25,NULL
798,1,1,53000,2026-04-23 17:25:51,NULL
799,10,2,71000,2026-04-28 07:13:30,NULL
799,15,1,53000,2026-04-28 07:13:30,NULL
800,3,2,53000,2026-04-15 09:30:27,NULL
801,13,2,65000,2026-04-16 07:55:28,NULL
802,17,1,62000,2026-04-04 17:54:45,NULL
802,14,1,71000,2026-04-04 17:54:45,NULL
803,20,1,55000,2026-04-16 15:37:46,NULL
803,6,1,65000,2026-04-16 15:37:46,NULL
803,2,1,58000,2026-04-16 15:37:46,NULL
804,15,1,53000,2026-04-21 13:56:30,NULL
804,11,1,70000,2026-04-21 13:56:30,NULL
805,16,2,58000,2026-04-16 12:28:14,NULL
806,22,1,58000,2026-04-23 17:29:08,NULL
806,19,2,50000,2026-04-23 17:29:08,NULL
807,2,1,58000,2026-04-26 20:10:39,NULL
807,11,1,70000,2026-04-26 20:10:39,NULL
808,24,1,85000,2026-04-26 13:31:19,NULL
809,8,1,33000,2026-04-22 09:11:52,NULL
809,3,1,53000,2026-04-22 09:11:52,NULL
810,3,1,53000,2026-04-11 19:22:49,NULL
811,18,1,71000,2026-04-22 08:45:03,NULL
811,23,2,87000,2026-04-22 08:45:03,NULL
812,21,1,52000,2026-04-02 15:06:10,NULL
812,4,1,58000,2026-04-02 15:06:10,NULL
813,3,2,53000,2026-04-24 20:06:09,NULL
814,12,1,73000,2026-04-14 19:49:00,NULL
815,18,1,71000,2026-04-25 13:23:40,NULL
816,12,1,73000,2026-04-26 13:26:58,NULL
816,16,2,58000,2026-04-26 13:26:58,NULL
816,22,2,58000,2026-04-26 13:26:58,NULL
817,9,1,62000,2026-04-03 08:21:20,NULL
818,20,1,55000,2026-04-05 21:36:03,NULL
818,23,2,87000,2026-04-05 21:36:03,NULL
819,6,1,65000,2026-04-28 11:46:47,NULL
820,15,1,53000,2026-04-23 13:28:41,NULL
820,10,2,71000,2026-04-23 13:28:41,NULL
821,9,2,62000,2026-04-25 10:56:19,NULL
822,12,2,73000,2026-04-17 15:18:13,NULL
823,18,2,71000,2026-04-01 21:50:34,NULL
824,9,1,62000,2026-04-04 18:03:53,NULL
824,1,1,53000,2026-04-04 18:03:53,NULL
825,13,1,65000,2026-04-24 07:29:21,NULL
825,21,1,52000,2026-04-24 07:29:21,NULL
825,15,1,53000,2026-04-24 07:29:21,NULL
826,12,1,73000,2026-04-26 20:45:36,NULL
826,6,1,65000,2026-04-26 20:45:36,NULL
827,2,2,58000,2026-04-12 14:06:09,NULL
828,12,1,73000,2026-04-15 08:23:43,NULL
829,10,1,71000,2026-04-16 17:27:28,NULL
829,4,1,58000,2026-04-16 17:27:28,NULL
830,11,2,70000,2026-04-23 15:55:33,NULL
831,13,1,65000,2026-04-12 21:07:38,NULL
832,3,2,53000,2026-04-12 11:23:19,NULL
833,17,1,62000,2026-04-30 21:19:56,NULL
834,11,1,70000,2026-04-03 20:02:26,NULL
835,11,1,70000,2026-05-27 18:53:38,NULL
836,9,1,62000,2026-05-28 18:20:05,NULL
836,21,1,52000,2026-05-28 18:20:05,NULL
837,13,2,65000,2026-05-15 18:17:41,NULL
837,19,1,50000,2026-05-15 18:17:41,NULL
838,22,2,58000,2026-05-18 08:12:39,NULL
838,12,1,73000,2026-05-18 08:12:39,NULL
839,17,2,62000,2026-05-30 15:11:01,NULL
840,20,1,55000,2026-05-26 15:38:20,NULL
841,3,1,53000,2026-05-14 07:55:33,NULL
842,10,1,71000,2026-05-05 09:16:49,NULL
843,8,1,33000,2026-05-11 09:01:45,NULL
844,14,1,71000,2026-05-13 20:57:07,NULL
845,10,1,71000,2026-05-17 13:07:17,NULL
846,16,2,58000,2026-05-08 21:56:01,NULL
846,6,1,65000,2026-05-08 21:56:01,NULL
846,13,1,65000,2026-05-08 21:56:01,NULL
847,18,2,71000,2026-05-17 10:50:09,NULL
847,13,1,65000,2026-05-17 10:50:09,NULL
847,10,1,71000,2026-05-17 10:50:09,NULL
848,22,1,58000,2026-05-27 16:18:41,NULL
849,12,1,73000,2026-05-22 13:22:53,NULL
850,3,1,53000,2026-05-19 08:19:05,NULL
851,15,1,53000,2026-05-14 10:39:32,NULL
851,23,1,87000,2026-05-14 10:39:32,NULL
851,17,1,62000,2026-05-14 10:39:32,NULL
852,1,2,53000,2026-05-31 16:21:01,NULL
852,11,1,70000,2026-05-31 16:21:01,NULL
853,18,1,71000,2026-05-29 18:45:31,NULL
854,23,1,87000,2026-05-29 20:52:42,NULL
855,9,1,62000,2026-05-13 09:53:49,NULL
856,19,1,50000,2026-05-01 19:17:43,NULL
857,17,1,62000,2026-05-08 10:31:23,NULL
858,13,1,65000,2026-05-13 08:55:17,NULL
859,2,1,58000,2026-05-22 16:36:11,NULL
860,1,1,53000,2026-05-08 21:33:46,NULL
860,23,1,87000,2026-05-08 21:33:46,NULL
861,1,3,53000,2026-05-29 14:00:27,NULL
861,22,1,58000,2026-05-29 14:00:27,NULL
861,10,1,71000,2026-05-29 14:00:27,NULL
862,21,1,52000,2026-05-12 15:48:02,NULL
863,5,2,49000,2026-05-13 10:21:05,NULL
863,16,1,58000,2026-05-13 10:21:05,NULL
863,22,1,58000,2026-05-13 10:21:05,NULL
864,22,1,58000,2026-05-04 07:30:27,NULL
864,20,1,55000,2026-05-04 07:30:27,NULL
865,18,1,71000,2026-05-27 07:52:21,NULL
865,15,1,53000,2026-05-27 07:52:21,NULL
866,2,1,58000,2026-05-30 07:24:20,NULL
866,19,1,50000,2026-05-30 07:24:20,NULL
867,10,1,71000,2026-05-04 17:03:35,NULL
867,15,2,53000,2026-05-04 17:03:35,NULL
868,15,2,53000,2026-05-20 07:29:24,NULL
868,8,2,33000,2026-05-20 07:29:24,NULL
869,2,2,58000,2026-05-11 16:12:06,NULL
870,17,1,62000,2026-05-19 09:40:32,NULL
871,22,2,58000,2026-05-26 07:03:08,NULL
872,8,1,33000,2026-05-29 15:49:09,NULL
873,13,1,65000,2026-05-22 17:09:03,NULL
873,1,3,53000,2026-05-22 17:09:03,NULL
874,16,1,58000,2026-05-07 19:04:21,NULL
875,4,1,58000,2026-05-28 16:36:21,NULL
876,6,1,65000,2026-05-02 14:14:58,NULL
877,4,3,58000,2026-05-24 19:52:21,NULL
878,5,1,49000,2026-05-03 12:01:35,NULL
879,6,1,65000,2026-05-02 07:12:12,NULL
880,1,2,53000,2026-05-08 09:12:01,NULL
880,16,1,58000,2026-05-08 09:12:01,NULL
880,9,2,62000,2026-05-08 09:12:01,NULL
881,23,2,87000,2026-05-08 12:51:23,NULL
881,24,1,85000,2026-05-08 12:51:23,NULL
881,21,1,52000,2026-05-08 12:51:23,NULL
882,14,3,71000,2026-05-26 10:12:34,NULL
883,3,1,53000,2026-05-02 19:39:37,NULL
884,5,1,49000,2026-05-09 20:08:54,NULL
884,2,1,58000,2026-05-09 20:08:54,NULL
885,12,1,73000,2026-05-13 19:56:41,NULL
886,10,2,71000,2026-05-17 18:30:45,NULL
887,10,2,71000,2026-05-02 10:14:57,NULL
887,7,1,71000,2026-05-02 10:14:57,NULL
888,12,1,73000,2026-05-12 11:35:05,NULL
889,19,1,50000,2026-05-20 12:27:28,NULL
890,2,2,58000,2026-05-06 14:14:16,NULL
891,9,1,62000,2026-05-21 08:50:17,NULL
892,4,1,58000,2026-05-22 12:16:19,NULL
892,14,2,71000,2026-05-22 12:16:19,NULL
893,8,3,33000,2026-05-18 21:16:00,NULL
894,24,2,85000,2026-05-27 16:48:41,NULL
894,22,1,58000,2026-05-27 16:48:41,NULL
895,17,2,62000,2026-05-07 14:14:33,NULL
895,11,1,70000,2026-05-07 14:14:33,NULL
896,1,2,53000,2026-05-25 18:26:13,NULL
896,3,1,53000,2026-05-25 18:26:13,NULL
897,10,2,71000,2026-05-16 19:42:53,NULL
898,1,1,53000,2026-05-23 15:19:20,NULL
899,9,1,62000,2026-05-11 16:40:51,NULL
900,22,1,58000,2026-05-03 15:24:12,NULL
901,14,1,71000,2026-05-06 08:43:35,NULL
901,1,2,53000,2026-05-06 08:43:35,NULL
902,9,1,62000,2026-05-07 10:18:42,NULL
903,11,1,70000,2026-05-30 13:25:10,NULL
904,17,1,62000,2026-05-28 10:08:55,NULL
905,6,1,65000,2026-05-31 11:37:12,NULL
905,1,1,53000,2026-05-31 11:37:12,NULL
906,13,2,65000,2026-05-26 10:33:21,NULL
907,9,2,62000,2026-05-29 21:29:22,NULL
907,19,1,50000,2026-05-29 21:29:22,NULL
908,13,1,65000,2026-05-20 18:27:29,NULL
909,16,1,58000,2026-05-08 21:55:10,NULL
910,9,2,62000,2026-05-29 10:58:31,NULL
911,1,1,53000,2026-05-25 12:26:28,NULL
912,5,1,49000,2026-05-22 18:29:24,NULL
913,11,1,70000,2026-05-23 21:08:20,NULL
914,1,1,53000,2026-05-23 14:08:30,NULL
915,16,1,58000,2026-05-18 18:25:10,NULL
915,3,1,53000,2026-05-18 18:25:10,NULL
916,15,2,53000,2026-05-18 10:28:44,NULL
916,17,1,62000,2026-05-18 10:28:44,NULL
917,22,1,58000,2026-05-02 16:00:03,NULL
917,9,1,62000,2026-05-02 16:00:03,NULL
918,22,1,58000,2026-05-01 12:52:12,NULL
919,19,1,50000,2026-05-22 09:46:10,NULL
920,5,1,49000,2026-05-20 10:59:34,NULL
921,2,2,58000,2026-05-13 17:20:00,NULL
922,14,3,71000,2026-05-12 07:04:56,NULL
923,14,1,71000,2026-05-26 21:54:36,NULL
923,23,3,87000,2026-05-26 21:54:36,NULL
923,16,1,58000,2026-05-26 21:54:36,NULL
924,8,1,33000,2026-05-21 19:56:44,NULL
925,24,1,85000,2026-05-13 15:40:47,NULL
926,15,1,53000,2026-05-29 08:19:15,NULL
926,2,1,58000,2026-05-29 08:19:15,NULL
927,10,1,71000,2026-05-07 17:02:15,NULL
927,20,2,55000,2026-05-07 17:02:15,NULL
927,3,1,53000,2026-05-07 17:02:15,NULL
928,17,1,62000,2026-05-14 17:52:18,NULL
929,5,1,49000,2026-05-02 21:58:42,NULL
929,20,1,55000,2026-05-02 21:58:42,NULL
930,3,1,53000,2026-05-03 20:31:04,NULL
930,5,1,49000,2026-05-03 20:31:04,NULL
931,7,1,71000,2026-05-30 10:15:32,NULL
931,17,1,62000,2026-05-30 10:15:32,NULL
932,11,1,70000,2026-05-10 16:28:40,NULL
932,22,1,58000,2026-05-10 16:28:40,NULL
933,18,1,71000,2026-05-14 15:39:47,NULL
933,1,2,53000,2026-05-14 15:39:47,NULL
934,6,1,65000,2026-05-30 11:38:34,NULL
934,11,1,70000,2026-05-30 11:38:34,NULL
935,4,1,58000,2026-05-03 12:08:45,NULL
936,9,1,62000,2026-05-24 12:31:25,NULL
936,12,1,73000,2026-05-24 12:31:25,NULL
936,15,1,53000,2026-05-24 12:31:25,NULL
937,18,2,71000,2026-05-13 21:36:10,NULL
937,9,1,62000,2026-05-13 21:36:10,NULL
938,11,2,70000,2026-05-02 17:24:59,NULL
939,14,2,71000,2026-05-23 17:01:44,NULL
940,2,2,58000,2026-05-08 16:37:42,NULL
941,4,1,58000,2026-05-23 16:57:05,NULL
941,10,1,71000,2026-05-23 16:57:05,NULL
942,22,1,58000,2026-05-29 13:37:19,NULL
942,20,1,55000,2026-05-29 13:37:19,NULL
943,7,3,71000,2026-05-27 09:17:47,NULL
944,15,2,53000,2026-05-01 08:04:49,NULL
945,22,1,58000,2026-05-12 09:45:08,NULL
946,21,1,52000,2026-05-06 10:03:47,NULL
947,9,1,62000,2026-05-20 08:55:40,NULL
948,6,3,65000,2026-05-19 10:30:31,NULL
949,12,3,73000,2026-05-26 07:06:13,NULL
950,16,1,58000,2026-05-16 14:48:21,NULL
951,9,1,62000,2026-05-08 12:42:25,NULL
952,20,1,55000,2026-05-28 18:25:46,NULL
952,6,2,65000,2026-05-28 18:25:46,NULL
953,4,3,58000,2026-05-20 17:42:55,NULL
954,17,1,62000,2026-05-27 12:01:40,NULL
954,16,2,58000,2026-05-27 12:01:40,NULL
954,6,2,65000,2026-05-27 12:01:40,NULL
955,17,1,62000,2026-05-31 21:59:30,NULL
955,7,1,71000,2026-05-31 21:59:30,NULL
955,5,1,49000,2026-05-31 21:59:30,NULL
956,24,1,85000,2026-05-17 07:08:31,NULL
957,4,2,58000,2026-05-31 08:30:42,NULL
958,18,1,71000,2026-05-04 13:45:01,NULL
958,5,2,49000,2026-05-04 13:45:01,NULL
958,6,1,65000,2026-05-04 13:45:01,NULL
959,5,1,49000,2026-05-18 17:46:31,NULL
960,9,1,62000,2026-05-03 17:21:24,NULL
960,15,2,53000,2026-05-03 17:21:24,NULL
961,17,2,62000,2026-05-08 11:07:18,NULL
962,1,1,53000,2026-05-04 16:23:08,NULL
963,22,1,58000,2026-05-28 13:27:20,NULL
963,3,1,53000,2026-05-28 13:27:20,NULL
964,12,1,73000,2026-05-18 20:29:20,NULL
964,11,1,70000,2026-05-18 20:29:20,NULL
965,24,1,85000,2026-05-26 20:44:02,NULL
966,23,1,87000,2026-05-23 16:30:40,NULL
967,1,1,53000,2026-05-05 20:45:13,NULL
967,20,1,55000,2026-05-05 20:45:13,NULL
968,8,1,33000,2026-05-27 17:58:54,NULL
969,16,1,58000,2026-05-25 13:25:04,NULL
970,1,1,53000,2026-05-13 08:08:20,NULL
970,22,1,58000,2026-05-13 08:08:20,NULL
971,17,2,62000,2026-05-15 18:30:18,NULL
972,10,1,71000,2026-05-28 16:06:43,NULL
972,20,3,55000,2026-05-28 16:06:43,NULL
972,22,1,58000,2026-05-28 16:06:43,NULL
973,6,1,65000,2026-05-21 12:37:27,NULL
973,3,1,53000,2026-05-21 12:37:27,NULL
974,16,2,58000,2026-05-06 17:47:24,NULL
974,2,1,58000,2026-05-06 17:47:24,NULL
974,11,1,70000,2026-05-06 17:47:24,NULL
975,21,1,52000,2026-05-01 08:07:05,NULL
975,5,3,49000,2026-05-01 08:07:05,NULL
976,24,2,85000,2026-05-23 18:06:50,NULL
977,19,1,50000,2026-05-05 08:20:04,NULL
978,14,2,71000,2026-05-18 19:51:33,NULL
979,14,1,71000,2026-05-04 19:48:13,NULL
980,4,1,58000,2026-05-26 12:07:02,NULL
981,4,1,58000,2026-05-02 08:07:32,NULL
981,23,1,87000,2026-05-02 08:07:32,NULL
981,15,2,53000,2026-05-02 08:07:32,NULL
982,7,2,71000,2026-05-10 17:34:28,NULL
983,1,1,53000,2026-05-20 15:32:13,NULL
984,3,1,53000,2026-05-07 09:38:35,NULL
985,22,1,58000,2026-05-09 13:41:57,NULL
986,15,1,53000,2026-05-05 15:13:04,NULL
987,19,1,50000,2026-05-19 17:41:52,NULL
988,3,1,53000,2026-05-13 07:38:15,NULL
989,19,1,50000,2026-05-03 12:58:21,NULL
990,20,1,55000,2026-05-13 08:50:59,NULL
991,14,2,71000,2026-05-04 15:22:44,NULL
992,18,2,71000,2026-05-31 19:24:11,NULL
992,13,1,65000,2026-05-31 19:24:11,NULL
993,3,1,53000,2026-05-09 07:43:32,NULL
993,13,2,65000,2026-05-09 07:43:32,NULL
994,11,1,70000,2026-05-12 18:49:15,NULL
995,21,2,52000,2026-05-15 15:18:17,NULL
995,19,2,50000,2026-05-15 15:18:17,NULL
995,7,1,71000,2026-05-15 15:18:17,NULL
996,4,1,58000,2026-05-03 17:05:04,NULL
996,2,1,58000,2026-05-03 17:05:04,NULL
996,17,2,62000,2026-05-03 17:05:04,NULL
997,12,3,73000,2026-05-14 17:32:59,NULL
998,17,2,62000,2026-05-23 08:25:00,NULL
998,16,1,58000,2026-05-23 08:25:00,NULL
999,14,1,71000,2026-05-31 21:52:56,NULL
999,22,2,58000,2026-05-31 21:52:56,NULL
1000,1,1,53000,2026-05-08 09:04:23,NULL
