name,email,password,email_verified_at,remember_token,created_at,updated_at
Pandu Wijaya,pandu.wijaya@gmail.com,$2b$10$1bwx824XiTAM.2eDcmkYR.TXy739FxpxsrEoQyz2aCAF/FxHk0JwC,2024-01-15 08:00:00,,2024-01-15 08:00:00,
Sinta Wibowo,sinta.wibowo@gmail.com,$2b$10$VYI/xkeY0f1ocQoRLQ1eh.MGDaFdvgnWEGRIfG35dqw0PA9sbYaq.,2024-01-15 08:00:00,,2024-01-15 08:00:00,
Fajar Kusuma,fajar.kusuma@gmail.com,$2b$10$zSD5XKeZjm7viBRZEAzsk.YzV2NvVrCPBlwzZr.JLY8QJyDRk9jRi,2024-01-15 08:00:00,,2024-01-15 08:00:00,
Ulfa Hartono,ulfa.hartono@gmail.com,$2b$10$luBOCWuKyVHvrAc4gYQ2QuTRRhGS3bhTm0olWTaho3Ir.xPn7.0JS,2024-01-15 08:00:00,,2024-01-15 08:00:00,
Andi Suryadi,andi.suryadi@gmail.com,$2b$10$ETEHJAhrqHGv3yOtqA426uHXSKT2vqPo7qfmQfkMvyL0XCbjHG5d6,2024-01-15 08:00:00,,2024-01-15 08:00:00,
Yola Setiawan,yola.setiawan@gmail.com,$2b$10$NkNgtF16yPXF7hS6OxrKzudN73M7mWWgmJ2r9C56G6yFI5ZuZyW7W,2024-01-15 08:00:00,,2024-01-15 08:00:00,
Nino Rahardjo,nino.rahardjo@gmail.com,$2b$10$.SDRqKn3ASPr.Ig5v8dbqu4lLVLP598HXYWZJI2qTSEwA3Lcvjwge,2024-01-15 08:00:00,,2024-01-15 08:00:00,
Kevin Rahardjo,kevin.rahardjo@gmail.com,$2b$10$4.vc.jTebwWlM3O5sFMEOugPAL9TOP6Ujve/NYenP8kZO3MjhvZQ2,2024-01-15 08:00:00,,2024-01-15 08:00:00,
Citra Hartono,citra.hartono@gmail.com,$2b$10$aTc95r/LN8.bLNeMmd5Hc.D3lU7/et8BKItBpJK9XhNuYyO7.XF2e,2024-01-15 08:00:00,,2024-01-15 08:00:00,
Zara Rahardjo,zara.rahardjo@gmail.com,$2b$10$L5U12Islb/al9qWPwtf6BO5eOS59iKBKGSELWba8kblJjX8VfC28.,2024-01-15 08:00:00,,2024-01-15 08:00:00,
Nadia Hartono,nadia.hartono@gmail.com,$2b$10$B5cl87wKT7ujNBpOnWHo3.aN0eE5.ZTq97RHxv5WhZccbgTaJssm2,2024-01-15 08:00:00,,2024-01-15 08:00:00,
Julia Wibowo,julia.wibowo@gmail.com,$2b$10$O3cF7KczvtlCA7qswA3KVODfJa7ZSJtsoqr5wrhUz2kgoSpjG6Tlq,2024-01-15 08:00:00,,2024-01-15 08:00:00,
Sinta Setiawan,sinta.setiawan@gmail.com,$2b$10$eGGtabOnIj0xR26yWDlvEO1kg3GHV2voERPszY3MhyqdCK6k4QgZi,2024-01-15 08:00:00,,2024-01-15 08:00:00,
Sari Wijaya,sari.wijaya@gmail.com,$2b$10$a0uVWp34LJwl7StU7BYdXeB6bLJoauiMQEXQ59.DyKqV0DFydBm4q,2024-01-15 08:00:00,,2024-01-15 08:00:00,
Arif Halim,arif.halim@gmail.com,$2b$10$29FUe6/88tO5yccFKMj2EOExNIYasd1jRf.uW0VCWk8O5yiOIjpiG,2024-01-15 08:00:00,,2024-01-15 08:00:00,
Wandi Purnama,wandi.purnama@gmail.com,$2b$10$eJ61iz9OIgdfZIjv/76AGe7bkyaCXKgiYoUul0xjCBXCex3ieKYsK,2024-01-15 08:00:00,,2024-01-15 08:00:00,
Yudi Kusuma,yudi.kusuma@gmail.com,$2b$10$MoEG0R2OqkBOTUAaYrF57e/hLSToxZNAz1LbHmpTybv.QlNT/ZKV6,2024-01-15 08:00:00,,2024-01-15 08:00:00,
Hana Santoso,hana.santoso@gmail.com,$2b$10$cW1KM6rlBE3BW9GQ44epvu2scjqXAHuQPI1bPL5s8ZS.0w9a/3KMy,2024-01-15 08:00:00,,2024-01-15 08:00:00,
Zara Hidayat,zara.hidayat@gmail.com,$2b$10$p8jveaRh6G4uqYIgfriugOCiqVHWYiiVpg6NQpfnCpn2MniH9.mci,2024-01-15 08:00:00,,2024-01-15 08:00:00,
Sinta Santoso,sinta.santoso@gmail.com,$2b$10$euAA/9vN8KOFiHsgElr7rOpiotyd8IM79dFYQ69YOoYmIwmMPOdAS,2024-01-15 08:00:00,,2024-01-15 08:00:00,
Hana Rahardjo,hana.rahardjo@gmail.com,$2b$10$UxRokTX.7luFPjNJdMP8ZexafZ5wuWmadsIFNlQHmi1EvrDY0HkQ2,2024-01-15 08:00:00,,2024-01-15 08:00:00,
Hesti Suryadi,hesti.suryadi@gmail.com,$2b$10$7kORYMBEjT4znSx14MxbWuw0kR1nG6q1CDr8m32cD6j4PkVp95iuK,2024-01-15 08:00:00,,2024-01-15 08:00:00,
Pandu Purnama,pandu.purnama@gmail.com,$2b$10$SHi3GrphAhptytkW1m.gdOjiDRDcPfGWpABxKJoGCoIan02Xity1C,2024-01-15 08:00:00,,2024-01-15 08:00:00,
Julia Suryadi,julia.suryadi@gmail.com,$2b$10$aF2cllJrC5.OLYBpIJG0CucgNMqP5.KjPU1onoWW4m84gpbylcZbi,2024-01-15 08:00:00,,2024-01-15 08:00:00,
Hana Halim,hana.halim@gmail.com,$2b$10$y2m6xtVFmC99DGJ2721kbO2o5rSSwYZoufxV1Po9sid25ENVP8hta,2024-01-15 08:00:00,,2024-01-15 08:00:00,
Fajar Wibowo,fajar.wibowo@gmail.com,$2b$10$RGxddehsv/nYQY/WUZ3G9.sC7U5iD4SmWpI8GvDU1wJ9trGUG/1A.,2024-01-15 08:00:00,,2024-01-15 08:00:00,
Rama Nugroho,rama.nugroho@gmail.com,$2b$10$mwkJGRmhF5Vt8NRQz5Nj1uBSVh6DMWs5HZlYCo9IGwUvk8DfmSzh6,2024-01-15 08:00:00,,2024-01-15 08:00:00,
Nadia Halim,nadia.halim@gmail.com,$2b$10$C3YvYUxIDEWd7aRf4UUhMuVKafuPfzniN/Cf9ZZXqZ1QTBG8E4Ji.,2024-01-15 08:00:00,,2024-01-15 08:00:00,
Dewi Halim,dewi.halim@gmail.com,$2b$10$Xt5XcsuvZmNOJkUSTLvPgeq0luzaW03CouE96ezP53yTg0fU7I5Fq,2024-01-15 08:00:00,,2024-01-15 08:00:00,
Wira Pratama,wira.pratama@gmail.com,$2b$10$/MLnL5i6h.5V4drFrlyAPOoY8q7sviEJgybI3hZ2VJN8MY8cof/gm,2024-01-15 08:00:00,,2024-01-15 08:00:00,
Eka Wibowo,eka.wibowo@gmail.com,$2b$10$n2klvMX0tGNj53G4543XTOjEBLuDACOaOtavQh8yahr/jleuVFJpW,2024-01-15 08:00:00,,2024-01-15 08:00:00,
Eka Purnama,eka.purnama@gmail.com,$2b$10$1i.6IGgWAaQvNzwkZ.U2wubTz757KIbzSHoWPolhePiHnTjALN5A.,2024-01-15 08:00:00,,2024-01-15 08:00:00,
Irfan Wibowo,irfan.wibowo@gmail.com,$2b$10$/KM.8GqPr2/lzybEGXHjvOlCjbzz7wKYNEckC5nHDrxedRMQ3xKd6,2024-01-15 08:00:00,,2024-01-15 08:00:00,
Bella Kusuma,bella.kusuma@gmail.com,$2b$10$pPR3W0A2VAJey7V3bWrKMemNNTCX8nhtcitUL/C0RC0qzPTh9EgxK,2024-01-15 08:00:00,,2024-01-15 08:00:00,
Bella Nugroho,bella.nugroho@gmail.com,$2b$10$qk7h3q7gjLmzvKCWvLRWeevCUiE8.0IcKrROddOQeGtZOVVVx7BIS,2024-01-15 08:00:00,,2024-01-15 08:00:00,
Vero Setiawan,vero.setiawan@gmail.com,$2b$10$QD3Wyf6ADjsWKk0rIKLk6uwHPtzcNQe.2GXpvhOi.luqAD6KnPuHe,2024-01-15 08:00:00,,2024-01-15 08:00:00,
Irfan Hidayat,irfan.hidayat@gmail.com,$2b$10$SkQSRCdPl29TfPLJ3m5TuOvKR6DVeS53JSSoqynmJPp3yn8DHa.yi,2024-01-15 08:00:00,,2024-01-15 08:00:00,
Dewi Suryadi,dewi.suryadi@gmail.com,$2b$10$vHrNtZn8FKkyJtdO5A8ncO68GErqi9OjcXjoLgbWuRDM3uOrF.wyq,2024-01-15 08:00:00,,2024-01-15 08:00:00,
Fajar Halim,fajar.halim@gmail.com,$2b$10$Arn5WH3HFyS0G9S/Ny2AbO3/0gee0QCUG0Ynud6DTYvlGdIbNEXti,2024-01-15 08:00:00,,2024-01-15 08:00:00,
Arif Nugroho,arif.nugroho@gmail.com,$2b$10$VnKM/r5wAzePjav1Occj0ueat2WgMs2Zpym0zaELAMmHc0XqAeG1W,2024-01-15 08:00:00,,2024-01-15 08:00:00,
Evan Rahardjo,evan.rahardjo@gmail.com,$2b$10$/7BPHi89FrhU1yL5853HfOpEXXJQSUpCgDFTIUug9k/pld9Grdj0i,2024-01-15 08:00:00,,2024-01-15 08:00:00,
Mira Rahardjo,mira.rahardjo@gmail.com,$2b$10$EpLkWUuTR.MUvNG82GJrJ.M5I7WRb9xoQy.WImXRFH8RizY4EPcVq,2024-01-15 08:00:00,,2024-01-15 08:00:00,
Wandi Setiawan,wandi.setiawan@gmail.com,$2b$10$R5HX.xbrWlJKY3INl9Pjiu0nclC/2JK8piQSaRSIJWXS5mEMC1nc.,2024-01-15 08:00:00,,2024-01-15 08:00:00,
Kiki Pratama,kiki.pratama@gmail.com,$2b$10$YZxKgtcR1EYOBdn5iRjTr.2V1VNOdk.Fj6ep70jrJy05FdBn3136e,2024-01-15 08:00:00,,2024-01-15 08:00:00,
Sinta Gunawan,sinta.gunawan@gmail.com,$2b$10$/6B0r8RVKjZ6j5psEbNhY.RO0UQB9ISVcArZVleAVpTimHCjVoKVS,2024-01-15 08:00:00,,2024-01-15 08:00:00,
Maya Saputra,maya.saputra@gmail.com,$2b$10$q0hDfPA8x9EhMzh2Wm4LX.lBUh/12HNKFhvPwHeTXWQ8Wt6U82ZyK,2024-01-15 08:00:00,,2024-01-15 08:00:00,
Vina Halim,vina.halim@gmail.com,$2b$10$D10hzGat9JScb1MYaW2pxOpfv3XaDv6ZVOEXRGBYArbTLH7gHrqYu,2024-01-15 08:00:00,,2024-01-15 08:00:00,
Reza Hidayat,reza.hidayat@gmail.com,$2b$10$RNZoNJkCr.WbUKxnd8/Xae5MZ1gShulYCdyib9fG08co4jVeniw06,2024-01-15 08:00:00,,2024-01-15 08:00:00,
Andi Nugroho,andi.nugroho@gmail.com,$2b$10$ig/g/7k4QsJdyZ31kpHFiuqc8cnUvvmK3WxKUuP4PtTfHbe5N2kdG,2024-01-15 08:00:00,,2024-01-15 08:00:00,
Hesti Rahardjo,hesti.rahardjo@gmail.com,$2b$10$eKvEPhupQXoQHqq4Pt/myeFPpj7L3akHHS5YcXXQnwtLWMsocOEf.,2024-01-15 08:00:00,,2024-01-15 08:00:00,
